
n
========================================
S-box #1
Average Nonlinearity = 110.0
[[148 225 212 102 103  74  63 232  83 190  35 246 166 211 204 129]
 [  9  48 171 118 185  82  78 137 169 255 226  34 125 105 138 245]
 [173  95  71  26  98 251 106 181 101 140  10 158  80  33  24 233]
 [ 52 154 142   7 250 136 111 107  23 244  85 100 110 130  27 164]
 [ 72  17 248 134 155 150  84 243 223 208 178 209 230   0   3 198]
 [217 159  75  94 218 177  73 116 216 132 239 214  64  92 168 115]
 [ 36 206  89 165 161  79 146 192  42 196 157  38  40 207  45  56]
 [127  18 189 133 241 122 139 253 112  50 219 203 247 183 152  22]
 [229  43 187  32  51 151 147 141 120 124  96  44  11 113  69 117]
 [  8 237 197  65 221   1 202  62  31 175 199  86 109 222 180 144]
 [ 21 182  81 236  93  60  87  99 108 235 121  54 104 194 195 249]
 [240 191 227  59  19 149   5 188 252   6   2  88 126 119 184  46]
 [228 205 170 174  12  47  58  57 135 156  41 131  55 193  13  25]
 [220 186 123 238  15  91 210 215 200 128 172  61  16 231 234  90]
 [162  68 163 167  49  76 201  70 114 254  28  66 179  53  29  20]
 [213  67 224  30 145 153 160  39  77  97 242 143  14 176  37   4]]

========================================
S-box #2
Average Nonlinearity = 109.75
[[186 137 225   8  71 212 167  98 163 110 112 103 145 181  16 164]
 [142 197 102 155 178  58 205 135 185  60 147 175  50 200 180 141]
 [201 118  70 211 111 109 236 170  92 182 196 148 241 101 190 179]
 [ 18 139 168  97 100 214 140 123 237 222 117  49 104 203 124  41]
 [113  94  83 133  87 216  52 120 244 199  96 171  91 213 204  72]
 [ 10  68 194  95  85 215 165 105 234 131   0  57 188 114  90 245]
 [ 40  20 195  99  67 115  84 202 144 231 136 229  19 126  21 247]
 [ 56 184  75 177   1 242 174 198 106 130   7 224 250 227  24 255]
 [ 93 217 218 173 208 153 116  73 209 152 151  81 228   4 127 235]
 [ 66 176 138 157 108  82 191 172  88 160 156 134 240 150 121  29]
 [ 34   9  77  22 246  11  89  79 192 206  76 129 107  80   3 183]
 [128  15  55 166 125  31 132  43 193 122  86 159 233 243 119  63]
 [ 61  59 226  69 239 207  13  38  53  54   5  26 221 189 249  39]
 [162   2  51 220 158  32  44  37  17  35 238  25  62  27 254 223]
 [219 161 149  33  46 251  47   6 187  28  30  42 154  74  14 232]
 [ 65 146 253 210  36  45 248 252 230  12 169  78 143  23  64  48]]

========================================
S-box #3
Average Nonlinearity = 110.0
[[190  19 179  98 162  66  93 180 105 207 142  65 110  77 108 119]
 [223  24 122 148 174  39  96 182 236 112 118 131 191   8 189  87]
 [ 85 104  99 214 159 240 206  67  79 123  83  69  14   5 221 183]
 [140  89 160 126  41 115 196 101 255 186 211 202 103 238 134  80]
 [ 31  82   6  25 241 125 130  71  37 164   4 132 250   2 184  59]
 [193 213 116 173   3   9 156 249  90 212 170  81 254 145 136 229]
 [ 43  48 205 141 200  70 197 201 113 133 165 135 231 192 208 198]
 [ 51 121  18 195 166 244 149  75 187   0 120  54 176  97 150 252]
 [ 60 203  22  86 106 248 242 175 194 127 171 158 137  34  27   7]
 [ 61  11 181 168 204  47 114 225 100   1 138 219 216  73 178 167]
 [210 161 117  92  95 147  91  84 199 109 245  78 139 107  76 144]
 [ 30 177 172  64  38  10  35 220 224 230  44 218 153 128  17 129]
 [233 169 226  13 124  49 102 188 155  55  94 251 217  58 157  28]
 [ 63  46  33 222 243 235  57 215 239 143 111  20 185 151 253 227]
 [ 68  16  36 234 163  12  50  32  72  62  52 247 237  74  53 154]
 [ 88  40  26  45  42  21  56 246 146  23 209 228  29 232 152  15]]

========================================
S-box #4
Average Nonlinearity = 109.75
[[141 200 243  92 183  82 206 140  69 209 124  98  39 240 113  96]
 [170  93 180  81 142 199 129 106 111 226  17 168 119  85 174  47]
 [197 104 138 222  68 110  33  56 184 137 217 125 112 103  30 218]
 [210 160 126  64 204 128  11  14 152 188 105  61 254  70 121  52]
 [181  16 161 118  78   9  62  51 165   3 149 164  53 234  88 220]
 [221 230 101  55 238 114 252  31 109 132 186   1 253  73 212 251]
 [ 20 192  12 177 216 250   5  27 107  76 115 162 167 100 155 248]
 [198  89  34 131   2  66  13  95  94 159 108 151   6 148  50  86]
 [242 123  35 117 133 203 154 202  74 116 171  90 150  99  19 185]
 [ 45  54 178 245 157 130 143 194  97 172 145 193 122 139 211 244]
 [ 84 201  63   7  58 191  91  67 208 255 190  15 158 189  72 120]
 [134 237  83  57  87 219 182 249  24  43 173 195  18 187 179 214]
 [196 223 163  75 135 235 136 246  42 205 236  65 153 146 231  41]
 [ 22 241 232  36 144 169  29 166 227  21 147  25  77  37   8  71]
 [156 207  49   0  23  28 176  10  48   4  79 233 127  60  59  40]
 [224 239  46  44  32 175 229  26  38 228 102 247 225 215  80 213]]

========================================
S-box #5
Average Nonlinearity = 110.0
[[209 202 179 206 146 227 176 223 138 228 199 137 203  62  48 248]
 [236 110 113  69 175  85 165 169 143  43 196 117 153 163 222 197]
 [207  25 204 128 249  40 134  91  77 234  98  66 192 247  84 116]
 [114  54 174 147 235  49  74 111 126  92 182 104 102 148 167 226]
 [ 95  96 212 185 205 135  67  93  37  81 118  11 139 215 225 195]
 [ 68 106 149 131 253  60 123 140 121  56 184 211 213   7 151 136]
 [ 44 130  15 230  45  53  70 189  21 157  16  27   4 127 129  86]
 [194 238 239 220 160  61  71 172  89 191  57 156 232  42 159  33]
 [ 97 166  30 246 216  79  39  90 141   2 229 208 181 101 201 168]
 [150  82  31  63 221 100 245 124 180  36  83 231  34 109 193  28]
 [158 132 200  41 105 237  55  72 133 217 224 115 142 255 119 108]
 [112  35   9  24   1 154 244 243 190 177 178 252 241 173   6  99]
 [  5 155  46 198  52 122   8  75 170 186  51  87  14  13  19  76]
 [242 210  65 125 152  20  88  17 145 107   0 161 219 218  78 188]
 [251  29 120  38 171 103 183  26  58 162 254 250  94  80 240  59]
 [ 23  64  10 144 214 233  50 187  22  32  12  18 164   3  73  47]]

========================================
S-box #6
Average Nonlinearity = 109.75
[[ 15 141 203 124  37  96 172  89 122  91 221  82 205 135 243 110]
 [114  93  61 206 182 208 149 159 113  55 163 112  30 245 158 128]
 [196 134  74 199 111  84 219  46 142 236  47 189  95 105 186  66]
 [ 62  68  23 132 137  69  49 157 235 146 109  34 234 212 170 195]
 [161 192 169 175 108  36  79 209 155 247 118  81 217  60 129 123]
 [103 207  99 241 115 151 193 156  18 152 237 255 162 210  41 198]
 [ 38  94 201  98  78 224 116 140   7  32 107 167  26 100 223 177]
 [227  20  33 127 229 191  24 165 131 246  44  31  90 101 185  16]
 [153 136 183 104 254  54 202 120 230 197 143 194   8 231 173 233]
 [ 28 251  10 148  86 106 222 250  80  97 168  19  56  83 176  11]
 [ 14  13 179  40  25  70   9 188 253  51  87 220 214 160   4 154]
 [ 53 178 164  43 181 204 238 248 180 150  64 174 102   5 133 244]
 [ 17 138 242  72 171 187 125  59 226  71 121  52 145 200  88  85]
 [225  92  76  48  39 213 190  29  21 184  73  63 239 119 240   1]
 [ 27 228  58  45 144 117 130   2 249  57  35  12 166  75  22  50]
 [ 77   0   6 215 252  65 216  67 232 211 218  42 126 147   3 139]]

========================================
S-box #7
Average Nonlinearity = 110.0
[[213  91 157  78   9  81 243 128  45 153 109 169 211 238  12 184]
 [ 82 183 207 170 215  20  49   4 115 198 107 143  28 171  57 254]
 [ 52  37 189 214  90 190 160  35  99  23  32 105  84  34 209 205]
 [236 250 227  85  73 117  76  86 139 101 150 159 239 212  16  98]
 [165 203 185 123 174 237  11  38 172 104 138 110 118 188 200 142]
 [  5 186 208   3 224  25 162   0  96 221 114  59 126 131 163  88]
 [ 87 197  17 129 220 226  10 201 166 168 133 242 175 113 141  94]
 [255  92 106 222 116  80 204 149 147  13 164 206 182 229 196 191]
 [ 71 199 187 202 121  83   1 234  64 156 134  15 181 108 195  54]
 [176 127  24  36  68 210 244 120  58 136 137 130 233   7 155 102]
 [148  69  19  93 240 111  67 119 193 177  47 144 218   8  77  70]
 [ 48 122 125 223  44  14 217   6  26 132 252  30  51 158  18  53]
 [225 140 253 103 251 100   2  55  50 178  89 192 248 135  66 228]
 [194  72  97  75  21 231  29  22 216  33  74  42  79 249 179  63]
 [ 46  62 112 180 161  43  95 154 151 230  27  61 235  40 246 146]
 [ 31 145 219 247 241 167 232 152 173 245  65 124  39  60  56  41]]

========================================
S-box #8
Average Nonlinearity = 109.75
[[207 144 189  86 199 108 120  59 194  95 100  89 193  92 182  81]
 [142 198 107  64  39 172 156 134 242 166 101 151 154 115  97  51]
 [152 149 205 109 155  87 196 157  83   7 168 111  40 104 138 219]
 [215 186  33 217 132 251  22 214 180 141 204 128  16 255 136 226]
 [161  41 177 209 133 208 191  90  79  20 135 227  21 225 178  82]
 [118  25 158  35 206  96  88 174 197 130  80 122 126 187  84 203]
 [ 47  26  30 114 192 184 220 224  93 201 169   9 211 164 106 131]
 [143  72 212 117  94 213 221 239 163  85 200 113 145  55 112 102]
 [105  14   2 246 176 202  54 250   6 160 190 124 127 137  23 173]
 [ 19 243 175 234  71 170 171 188  75  48 110  91  36 244 150  62]
 [123 139 229  38   8  13  57 252 181 129 140  18 254  32 232 235]
 [ 98 195 125  99 167 159 146 231  76 233  46  12 147  50 210  29]
 [ 24 162 222 179  78  63 223  11 103 116  77  10 241 165 253  37]
 [ 45 240  74 121  69 148 228  68  53   3  56  66   1  73 230 245]
 [ 61 216  70 153 237  60 218  65 236  34 183  31  58  28  17  49]
 [ 27 247 248  44  42  67 185  52   0  43   4 119 238 249   5  15]]

========================================
S-box #9
Average Nonlinearity = 110.0
[[223   7 204 111 234  13 144  35 211 164 153  44  89 230 157 199]
 [ 16 195  99 124 215  91 221  74 145 187 132 182 177 165  81 213]
 [178 252  36 106 193  98 101  70 114 191  11 149 170  73  93 235]
 [226 166  46 159 118  40 205 185 133 227 236  41  84  38  59 225]
 [228 139  37 100 169  67 255  29 162  20 103  76  83 123   9 238]
 [207 239 154 127  78  95 160  15   6 208 179 192 122  45  65   2]
 [212 242  61 254 198  24 250 116 210  82 233  80  22  28  19 201]
 [ 55  96 130 189  47 125 229 134 108 151 249 176  77   1 167 216]
 [231 135 156 200 206  17  90 146 105  94 142 143 102 181 232 168]
 [ 23   8 246 197 183 173  34 147 224  86 107 152  21  51  25 214]
 [190 237  33 174  32 244  27 119 222  43 158  66 172  48 196 180]
 [ 49 240 218  31  14 251 117 136 115 161 104 171 131 202  87 194]
 [  0 120  85 128 148 248  54 112 186 163  72 155  71 129   4 184]
 [109 113 126  69 188  79 209 137 110  75  57  58  30  18   5  56]
 [141  12 219  50  68  10 203 245  88  92 175  53 243 150  62 241]
 [247 121 220   3  60  63  64  97  52 217  39  26 253  42 138 140]]

========================================
S-box #10
Average Nonlinearity = 109.75
[[153 231 174  86 179 109 210  80 151 152  91 160  87 154 193  66]
 [107 124  36  78 162 112 100 189 136  99  49 157 131 247  77 125]
 [ 30  31  39  97 165 103 142  65 105 135  46  84 203  35 163 166]
 [102 148 168  96 169  94 205 190 178 133 255 235 126  26 251  20]
 [198  29  85 218 232 184  56 185  82 233 230 161 204   0 215   5]
 [ 76 121  10  90  69  79 170 158 127  19 186  83 129  11 134 237]
 [113  15 187  32  23 144  53 212 211 101 145 181  81  45 226  18]
 [175 207 202 119 241 159 137 223 118  95 201 115 120  59  37  62]
 [108 143 182 176 206  63  17  67  71 214  98 164 149 123 141 132]
 [252  75 156 244 194 172  88  70 238 254  58 177  92 111 147 116]
 [183 250 195 199 138 248 196 110 200  25 240 173 150  57 197  93]
 [167 191 139 213 146  38 180 130   4 246 220 234  33 128  13 243]
 [117 104 228  24  89 155  41 245 114 229   7  61  28 249 219 225]
 [192 236 122  48  14  73  60   9  44   8 222 209 216   6   3 208]
 [ 40 224  51 171   1  34 239   2 253  42 217  21 242 221 227  27]
 [188  54  68  22  47  52 140  12  16 106  43  50  74  55  64  72]]

========================================
S-box #11
Average Nonlinearity = 110.0
[[195  28  91 150  33 181 217  59  63 209 122 176  21 211  11 100]
 [ 43 243 241 158 190  29  26 187 204  96 228 103 194  95 175  85]
 [202 119 134 149 188 201 116  74 208 155 109  25 120  76  62  67]
 [141   5 173 242 154  47 254  49 226  41  56 222  16 129   8  17]
 [177 161 117  78 160 206 147 186 131 252 215 198 184 113 189  87]
 [ 52 207 174 133  48 240 143 191  90 200 167  94 127  13  60 104]
 [ 61  58 212 138  92 110  98 114  93 213 230  20 107  24 135 156]
 [164  99 166 132 234 170  82 236 225 255 248 183   3  64  46  84]
 [ 97  54  83 126 152 203  27 185 108 192 153 237  65 157 128 247]
 [239 172 118   4  36 123 163 102  68 245  79  77   0  88 249  19]
 [ 38 162 142 137 139 244  39 125  89  30 144   1 146 182   2  14]
 [251 238 169 235  31  44  72 159 210 112 145 115  40 171  23  18]
 [180  10 231 196 111  81 124  70 220 105 106 193 218 178 205 232]
 [227 197 136 221 233 168  50 130 223 121  45  80  15  86  55  51]
 [214 253 151   6  42 250 148 199  32  12   7 224  57  73 140 219]
 [  9  75  71 229  22  69  53 165 101  37 216  35  34  66 246 179]]

========================================
S-box #12
Average Nonlinearity = 109.75
[[  4  88 203 232  82 206 136  71  21 209 152 149 165 104  28 207]
 [143 194  96  32  90 157  87 100 161 158 128 224 103  76  89 201]
 [ 91 111 205 133 197 204 241  72  51 105 219  33  54 176 147 251]
 [ 30  38 186 234   2 254  62  15 145 184   3 211 137  17 255 106]
 [ 85 116  80 252 148 196 130  50  81 142 172 107 127  20 140  53]
 [173  95 175 192 208 162 113 163 110  83 109 118  36 154 183 101]
 [126  29  27 160  24 231  57 121 132 250  64 119  66 144 188  86]
 [ 55 131 253 168  97 167 159 212  75  68 169 150 245 193  93 180]
 [ 19 114 236 171 243  52  10 155 138 218 228 214  99 115  40  49]
 [178 134 239 220 233 135 202  56 200  26  60 177 112 102 146 122]
 [182 248  92 230  74 210  79 189 117 123  43 170 156 242 166  46]
 [ 18  11  14   5 141 120 227 222 179  22 185  63  44  37   8  98]
 [ 77 238 174  70  25 229 240  67 225 153  61 195 199  16 247  23]
 [217 108 198 190   7 124   6 164 151  58 191 223 244   0   1 216]
 [129  45  94  35  84  65 246 213  42 215   9 181 221  78  12  13]
 [139  39 235  31 249 125 226 187  41  48  59  69  34  73 237  47]]

========================================
S-box #13
Average Nonlinearity = 109.75
[[175  85  88 115  87 204 135 142   6 140 205 133 246 212 170  92]
 [ 59  93 207 141 132 255  18 176  84  72 122 119 161 117  78 210]
 [243 123  42  60  27  82 206 237 226 177 192 197 127  21   3 136]
 [121 191  90 190 196 100 154 131 254 162 114  83  91 187 203  19]
 [ 35  67 139 151 153 145 182 198 107  34  53 128  15 148  80  47]
 [137 172 241 164  24  45 134 239  12 150 108 234 112 171 129 138]
 [219 217 199  41 185 238 109 116  23 214 251 159 110 250 247 249]
 [ 89  31  76  64 130  26 227   0 186  52  86 106 232  69 211 113]
 [ 97 168  96 208 181 101 152 230 126 244 253  32  49 215  51  11]
 [160 242 240 231 155 216  20 174   5 245  94  70  57  63  62 233]
 [ 25 229 166  17 184 201   2 103 180  95  77  65  39 193  61 124]
 [ 71 105 156 223 125  73 209 220 146 224  40 147   9 183  81 202]
 [194  56 157 120 213  36 225   8  14  55 173  38 158 179  22 167]
 [ 16 165  98  68 188 143  75  99 222  37 118 218  54 200   7 104]
 [ 48  29 178  50  58  13  43  79  66 163 195 149 189  44 169  28]
 [111 235  10 252 228  33 248  30   1 102   4 144 221  46  74 236]]

========================================
S-box #14
Average Nonlinearity = 110.0
[[214  97 174  96  15 142 191 192 223 186  29 204 131   1 242  10]
 [190  81 193  91 178 163 198 135 235  95  71 161  88 151  89 199]
 [109 115  87 197 102  70 134  41   0 144 188  85 201 118  45 212]
 [170  92 232 206 139 213 176  79 203  78  31 183 148 132 249 248]
 [237 208 219 245 240 112  52 254 157   2 251  18 202 129  12 114]
 [162 236 111 106 130   3 247 172 116  23  34  67 100 120  60 196]
 [169 143 137 225  13  25  58  83  27   4 103 185 205 238 122  47]
 [156 101  59 250   9  74 171 168 200 113 177  46  51 209 153 147]
 [179  65 221 227  93  98 158 127 252 228   5 194 181 222 104 253]
 [ 43  48 160 121  26 145  14 117  76 244  99 159  53 105 241 155]
 [224 255  20 165  49 230 140  55  35 119  64  84  11 187  57 133]
 [141  17 110 231 210  28 218 152  56  33  86 107 125  30 164 123]
 [108  54  68 211 128 173  82 166  44 189 220 124 195  63 136 226]
 [ 16  61 234 180  39 149 167   8  90  22  40 175 126  19  73 216]
 [  6 229   7 146 182 233  21 138 207 215 243  36  75  50  24 217]
 [ 42  72  80  38  94  62  69  32  37 154  66 150  77 184 246 239]]

========================================
S-box #15
Average Nonlinearity = 109.75
[[ 15  86 200  94 101 153 147 174  87 197 105 135 232  70 211 166]
 [103 145 184  82 206 140 209 154  40 201 117  75  55 170  93 181]
 [ 81 207 142 198 108 121  57 205  83 203 127  23 171  21 124  37]
 [ 89 238 247 196 143 191  90  58  85 114  74  92 139 227 137 222]
 [239 225   7  59 180 187 235  95 199 119  64 132 251  13 178  28]
 [ 11  99 161 115  84 240 144 242 134 204 130   6  38 112  32 125]
 [ 35  68 210 158  19 138 219 216 194  96 169 177  39 146 217 202]
 [120 107 176  45 233 221  67 152 149 164 104 192  91 163 111 123]
 [ 43 122   9  50 160  65 208 173 100 157 129   8  66 136  20 151]
 [ 14 150 220 241  34  29 224 254  56 183 252 113  48 131   1 186]
 [ 10  12  72  98 110 106  76 168 190  88   3 212  22 215 231 255]
 [155 118  69 148 126 165 229  49 128  16 188 189  30 102 179 133]
 [246 156 236  61  51  97 213  24 162  62 116 223 249 245 230 244]
 [109 193  42 182 185  36  80 159  26  18 218 214 141 167  77  46]
 [ 44  17   0   5 228  52  47 175 226  53  73  60  41  31 172  63]
 [  4 253   2  78 243  25  33  27 248 234 237 195 250  54  71  79]]

========================================
S-box #16
Average Nonlinearity = 110.0
[[148 166 109  96   0 213 106   8  98  19  27   9  75 212 169  95]
 [127  36 101 108 188  69 195 163 230  93 233 178  83  42 133 239]
 [224 103 144 182 119  62 254  49 154 141 204   2 251  18 175  38]
 [202  59 165 115  89 193 157 185  81 207 142 196  87 253 131 183]
 [ 74  85  24 206 189 199  29 121 170  56 184  82  90  26 236 191]
 [190 160 194 172 179 137 118 168  71 120 102  86  88 242 116 201]
 [198 153 215 167  35 113 134   7 136  51 244 152 159 255 174 132]
 [187 173  53 135 139  16  73 158 186 129  12  76 234 247 100 192]
 [197 180 203  41  80 117  45  30 229 217  63  44  31 128 209 161]
 [181 122 205 107 124 227 171 155  47 210 150  99 246 220  13 232]
 [114 145  66 123 211 243 240  55 208 105 216  72  77 104 238 111]
 [130   4 147 221 140 222 241 176  14 245 126  28  15  67  92   5]
 [138  57 231  43  64  65 164  97   6 235  54  52 226  84 125  20]
 [ 70 177 146  46 228 223  91  79  10   3 200  33 218 143  78 250]
 [ 68 149  60  39  32  11 248  58 214  40  61 225   1  37 156  34]
 [151  21  48 252  22  50 162 237 110  94  17 219  25  23 249 112]]

========================================
S-box #17
Average Nonlinearity = 109.75
[[ 48 232 147 243  14  60 231  97 150  88 154  92  34 255 181  24]
 [185 170 184  51 195 136 128  33 156  74 201 250  89 162  67  54]
 [151 206 171 219  86   0 109  15  85 161 116 189  12 179 205   2]
 [223 172 120 210 190  65  52 227 254  49 217 141 233  41 117 218]
 [129 142 102   8  90 197 111 138 157 211 196 241  62  40 105 152]
 [133 204  95  72 127  23 229 132 252  94 187 247 104 130  68 200]
 [ 47 124  69 106   3 163  66  11 165 134 238 209 194  43  38  57]
 [166 119  46 108 137  98  10 169  87 118 113 135 235  93 183  81]
 [110  26 103  75 100 193 242  27 188   4  83 220 191   1 177   5]
 [ 22 122  44 145 221 239 131 198 140  30 216  53 144  28 213  13]
 [158   7  39 101 126 249  36  80 199  18  99 164 240 174 192  77]
 [ 73 176  84 203 123   6 228  61 202 180 182 149 225   9  78 215]
 [160 226 114  35 121  55 246  59 125  31 207  71 244 155 159 167]
 [253 107 115 230  64 212 139 214  29  21  56  20  79  50  58 168]
 [ 96  91 186 248 146 112 245 178 208  17 222 148  70  82 224 153]
 [237 143  63 234  76 175  16  25  42 251 236 173  19  37  45  32]]

========================================
S-box #18
Average Nonlinearity = 109.75
[[ 30  92 184  82 206 180 153  17 135 233 230 189 127  52 201 117]
 [ 77 194 121 107  16  31  62  94 177  83 204  88  14 131 239 157]
 [ 15  37  84 203   4  43 170  32 212 145 113 163 134 109 172 128]
 [195  27 165 118 237 191  90 190  87 124 100 211 129  70 101 152]
 [149 105 133 244  54   0 196 110 193   2 140  81 207 141  66   5]
 [ 36  80 208 148 168 166 150  58 247 174 192 199 136 226 205 132]
 [251 198 225 200  65  91  72  67  96  79 120  49 214 236 112 139]
 [ 20 178 123 234  18 159  50  68 243 242 229 103  46  60 102 164]
 [ 28  95  78 181  51  61 104 138 144 188  85   9 156  89   3 202]
 [171  64 186 197 175 154 179  97 231 169   6 224  47  93  12  42]
 [151  57 119 114 158 106  98 162  99  13  39 176  59 183 116  11]
 [228 146  35  73 115 167 161  48 147 137  29 217 249 185  69 122]
 [210 252  74   7 126 108  26 250  55 130  34 218  44 232 125 142]
 [253 215   1  86 222 227 240  75  38 248 245 155 220  10   8 173]
 [216  41  25 182  33  56 219  71 255  23 111  40  24 160 221  22]
 [223 235  63  19  21  53 187 209  45 143 213  76 238 241 246 254]]

========================================
S-box #19
Average Nonlinearity = 109.75
[[168  98 164 108 123  43 124 177  94  38  45 204 130   4  20  50]
 [238  82 206 136 122  12 116  81 205 145 182 142 198  59  70 184]
 [ 30 218 208 146 207 135 233  72 212  68  93 196 100 154 143 180]
 [141  31 118 167 210 156 133 125 211 220 101   3 157 236  10 176]
 [ 13 203 175  27   6 139 200 113  91 169 150 172 183 192  97 185]
 [216 102 147  79  37  25 247 229 163 114 179  46  44 245  84 255]
 [ 87 137 224   1 235 191 246 148  85   8 166  41 249  80 244 127]
 [120 215  39 174 178 221 232  73 121 248 226 201 194  76  26  35]
 [222 225  96  89 149 187  83  57 126  28 110 112 190 254 162 188]
 [ 65  19 173  86 199 119 134 144  36  52 219 138  33 228  32 109]
 [ 71 197 105 140  11 239 202 213 132  63 117 234 152 241  90 240]
 [  2 103 111  42  99 159 230  47  75 195 227  92  61 217 128  15]
 [237 115  21 104  64  58 209  22  17 243 160   5   0 253 252 189]
 [ 95 158  56   9  62 186 161  77  14 231 181 251 214 129  40 106]
 [ 55 165  78 131 170 250 223 155 193 151  74  69  48 242  24  23]
 [  7  60  88  53 153  49  34 171  54 107  66  29  67  51  16  18]]

========================================
S-box #20
Average Nonlinearity = 110.0
[[165 211  96 170  92 172  82 206  27 207   9  67  52 107 160 118]
 [ 71  76 168  98 164  28 129  41  55  93 151 130 201  21 150  99]
 [ 91 119 142 196  22  54 171 120 189 100 113 255 125  34  62 199]
 [111 155   5  36 212 126  29 183 141 167 214 156 210 241 161 117]
 [ 78 105 162 114 182 197 181 226  66 204   3  10 236  38 192 190]
 [ 85 115 127  83 205 133 246 213  16 184 203  46 254  59  84 139]
 [ 53 101 193  81  57   2 235 221  70  23 223 136 247 233  97 143]
 [116  80 208 106 131  20 234 185 137 225 147 179 219 180 200  86]
 [140 215 169 202 175 159 102 222  19  31   6 227 152  40 218  88]
 [145 178 110 135 104 220  87  79 158   4  30  35 228  68 154  14]
 [149 194 229  18 237 239 217  13 242  89 238  65 109 248   7 209]
 [ 33  37 253 216 186 103 138  47  72  61  49 174  43 245 243  58]
 [ 45  25 157 224  50  73 166  60  95 173  17 128  42 187 191  94]
 [123  77  11 148 177  74 153 146  48 252 108 122  26 132 121  90]
 [124  51 163 198 230   0  75   8  63 240 250  32 112  39 244  44]
 [231  69  12 144 134 188  64 232 195 176  15  24 251   1  56 249]]

========================================
S-box #21
Average Nonlinearity = 109.75
[[141 124 113  48 169  88 250  10 202 130 159 102  82  83 234  51]
 [ 22 175  76  97 167 176 161 229  79 209 153 168  95 170  80  13]
 [147 174 189  89  44  29 192  92 185 177 140 155 232  68 144 158]
 [ 32  18 179  27 139  70  64 157 193   8  65 235  96 180 205  69]
 [190 243 146  78 127  71  99  55 111 100 119  15 120  16  58 213]
 [196 114 246   9 156 184  50 220 191 115 125  87 134 211 123  53]
 [105 239 237 210   7  11 240 164  63 195 214 181  85 207 142  42]
 [ 41 225 198 253  81  36 178 216 203 163 109 208 107 197  17 200]
 [ 84 148  60 201 152   5 103 135 206  49  52 199 238  35 251  19]
 [248  93  26  43  30  39 137 145 160 221 171 236 131 212  14  46]
 [230 204  75 162  91 182 151 117 104 101  34  90  86   6  98 255]
 [126 254 133 166 219 215 149 165 154 118 172  77 138 173  20 231]
 [116 245 223  72 242 136 222   2  66  45  31   1 110 143  25  59]
 [187 121   0  67  62 106 122  94 108 249  61 188  56 150  24  54]
 [129 186 241  23  47 183   4  73 128 132  57 194 112  40 244 228]
 [ 33 252   3  38 217 227  21 218 233  74 226  37  28  12 224 247]]

========================================
S-box #22
Average Nonlinearity = 109.75
[[198 139 129 214  74 212 170 254 102  81 207 195 221 100  56 142]
 [121 168  98 164 210  97 154 205 197 150 159 222  82 246 136 226]
 [ 14 133 251 147 181  52 169  96 172  92 191 217 190 228  32 176]
 [ 83 204 131   2  61   1 111  64 117  73 158  89 184  36 223 243]
 [185 230 137 151  20 165 120 196  46 143 194  91  65 134   4   8]
 [ 59  19 140 160  87  90 208 174 101 153 144 200  37 201  66 183]
 [141   0 114 180 106  80  23 109  70 211  15 116 229 146 157 130]
 [  7 187  95  22 189  86 219 125  33  57 122 161 163  13  26 105]
 [231  55 224  11 115 124  40   6  44 132 236 242  99 199 234  88]
 [237  12 171  30 202  25 119 247 213 186  29  47 178 166  50  84]
 [113 104 241 206 107  51 156 235 249 252  17  34  72 203  63  54]
 [173 216 192  49  42 123  53  94  75  62 126  93  60 149 225   5]
 [248 188  27 138 108  78  76 167 245 128  18 215 239 135  68 127]
 [182 218 175 112 145 179  24 118  71  69 220 103 253  39  28 227]
 [  3  41 255 177 193 162 240 233 209 155 244  85  77  38 232  45]
 [ 10  35 250 238 152 148  79  16  21  43  58  48   9 110  31  67]]

========================================
S-box #23
Average Nonlinearity = 110.0
[[230  24 175 223  77 201  72  86   5 115 187 218 110  15 191 183]
 [169  52 232 211 164 254  44 240 198 106 132 112 231 174  98 199]
 [111 143 125  30  32  47  83 167  12 180 182 228 142  37  82 205]
 [133 246 217  39 117 237 151  73  38 206  97  31 166  25 135 235]
 [128 156  96 193 196  84 227 127 207 185  56  68 163 250  33  58]
 [ 18  94 222  87  60 124  93  76 253  88 147 116 138 221 105 118]
 [190  17 204   3 195  16 236 213  22 224  40 234  35  95  49  41]
 [194 160 114 210 121 229  50  55 165 139 203 178 212 197 145 248]
 [  4 157 155 225 120 149 181 113 103 173 102 161 153 170 101 144]
 [177  28 100 208  46 202 109 214 108 119   9 233  91 200  53 154]
 [134 241 136 107  61  69  66 226 141 209 146 122 184 152 220  14]
 [137  70  43 186  51 215  74 123 158 238  34  64 126  26   1  85]
 [ 21 130   7  59  81   0 129 255  62 189  19 252 245 104  80 140]
 [  6 249 179 171 176  57 168 159 131  54  10  36  90  65 162  71]
 [242   8  79  42 172   2 243  29  92 192  78  11  75 251 247  99]
 [ 63  89  13  23 219 239  27 188  45  20  48 148 216 244  67 150]]

========================================
S-box #24
Average Nonlinearity = 110.0
[[161 165 104  16 209 153 148 109  94 179 197 206 137 127 251 135]
 [178 167  69  99 149 126  81 208 146 176  84 203 154  40  41 122]
 [ 49 156 134 128 207 143 106  10 138 125 189  44 198 160 239 186]
 [ 83 227 181  93 119 187  85 250  79 224 157  65   4  23 166 241]
 [ 35  87  82 103 184 145 217 202 212 254 249  96  45 139 172 123]
 [193 182  37 142 107  18 129  24 102 162 114 118  56 204 180 141]
 [ 89   0 111 236  48 201  59 140 196 223 234 194 170 216 116 131]
 [ 22 213 253 244 243 242 155 210  17  27 124  86   1  26 115  57]
 [222  39 192 221  13 120 225 230  53  73  25 132  55 199  15  61]
 [ 62  72 185  70 211 144 255 101 159 205 133 105  29 183  19 173]
 [ 58 100   8 113 215  31  12  88 108 195  97  92  60   7  76 164]
 [ 38  78 110 112 158  98  50 151  11   5 237  52 214 117 219  74]
 [226  33 150 190  43  68   2  91 231 200 228  28  54 177  51  95]
 [ 64 130  42   6 171 232 220  34  63 240 163  71  30  90 188  14]
 [  3  21  77 168 169 174 247  67  32  47 152 246 218 233 136 245]
 [147 175   9  66  75  20  36 229  80 191 235 252  46 248 238 121]]

========================================
S-box #25
Average Nonlinearity = 110.0
[[207 186  29 103 144  59 123 206  38 141  52 170  93 180  81 230]
 [201 115  85 117  99 210  46  76 211 166 100 248 150 116  80  56]
 [149 162 185  92 183 111 121  54  69 241 203  19 129 104 142 236]
 [ 86 199  44  36 131 182  87 145 181 109  88 195 246 160 243  60]
 [227 153 184 138 217  15 106 200  40  68  33 128  23 169  96 171]
 [ 45 198 165 133 245 204 130  58 188  55 192  91  83 164 132 172]
 [237  77 163 110 112 102 146 177 253  39  95 175  65 151 155 218]
 [205 108 168  50  94 247  82 134 239   5 194 220 209 252 139 174]
 [ 16 187  57  53 107 127  17 118 249 254  26 179 143 190 126 213]
 [122 167 232 178 229 176 202 140   1   4 191 193  12  62  30  89]
 [  8 159 136  42   0  84 125 189  74 161 208 255  90  24  14 197]
 [  6 152 114 120  97   3  98   2   7  28  34  11  73 212 137 251]
 [250  78 219 235 148  71  37 147  51  47 224 119  66  63 234 196]
 [124 105  72 113 154 214  10  64  32  18  13 225 156  21  49 216]
 [238 233 228 135  25 240   9 101  22 242 223 157  79  27 215  35]
 [173  70 158 226  41  67  61 231 244 222  75  31  43 221  20  48]]

========================================
S-box #26
Average Nonlinearity = 109.75
[[189  87 101 104 137 223 248 243 181  81 207 142 196 197 150 157]
 [132 252  32  50 213 112 158  15   5 236 105 134 240 151 156 133]
 [242 170  92 144 141 100 119  99 126  26   1 234  90 190  88  63]
 [ 98 164 228 121  38 171  42  67 109 116  80 208 147 184  82 206]
 [139 210 128 201  17 148  54  97 169  96  60 161 118  73 212 182]
 [198 113 163  72  93 180 140 136 230  51 166 103 183  95 173 102]
 [146 179 209  53  85  16 117  75 205  89 192 204  19 246 214 131]
 [253  40 160 120 172 149 174 138 219 215 185 237  77 211  74 145]
 [122  14 130  24  52  94 178 108 202  56 159 125  35  70 177  83]
 [154 167  27 135 110 123  44   2 250   4  79 231 152  34 199  23]
 [226  13 153  91 187  84  62 200 115 155 222 235 129  10 188 216]
 [ 45 217  47  71 176  29 114 203  25 244 225 255  65  11  68 106]
 [165 127 191 186 193   8 111  76 254 143  37  58  43  49 168  61]
 [  6  86  33  64 238  30  22 107  31 227 218  57  28  18 232 195]
 [ 69 239 124  39 194 220 245  48  55 233  59 229 241 247  46   7]
 [ 66   9  12  36 162  21 224   0 221   3 249  78  41  20 175 251]]

========================================
S-box #27
Average Nonlinearity = 110.0
[[203 123  41 153 107 136  17 167  99  34 249  37  87 196 158 126]
 [210  15  84 125  31  85 200 168  91 186  75  53 152 255  68  27]
 [ 89 132 250  36  82  74 194 209  81 231  50  18  93 191 192  92]
 [183 155 207 142 199 109 115 198 105 133 242 173  66 131  96 170]
 [100 179 213 204 128  67  45 135   1  58  90 190 193 148 197 103]
 [143 101 111 145  80  29 149  14  63 195  30 116  47 154 164 172]
 [176 248   5 104   2 247 254  55  20  22 220 138 189 134 216 141]
 [ 35 118  70  10 187 110 159 114 236 139  60 178 162  32  94  61]
 [239 175 219  79 243 222  26 208 150 160  13  59 185 201 182 108]
 [156 161 119  86 130 174 157  54 202 122 146 211 180 147 215  77]
 [214 140  48  23  69 188 117  76 212  97 102  83 169  39 205 234]
 [127 225  42 241  51  88  78  40  33  98 151  16 224 229 217  19]
 [  7   3   0 252 235  49  28 129 184 171 113 163 106  65 120  95]
 [181  11 237  72 244  21   4 218 124 112  56 121 166 230  57 233]
 [144  24  64   6  43   8  71 228 177 253 221 165 227  73 232 223]
 [137  25 238  46  52 206 251  44 240   9  38  12 226 246  62 245]]

========================================
S-box #28
Average Nonlinearity = 110.0
[[100  77  97  34  98 195   4 118  69 132  66 226   2  61  86  67]
 [106 128  14  54 109 185   8  11  35 104 138 219  32 169  22  44]
 [199 110 111 107 127  20 197 103 144 189 205 234 206 191  90 113]
 [  1 220 157  30  75   7 213 123  78 176 202 105 150 161 114 217]
 [ 33  16 133 243 178  28 125 136 229  80 116 159 108  42 143 194]
 [174   5  95 182  81 142 180 140 231 253 215 162  31 115  88  96]
 [170 228 179   6 216  53 112 102  24 198  85 204 119 224 248 223]
 [ 26  87 164  49 252 158  73 149 254 122  36 211  25 212 227  29]
 [ 43 117  45 236  38 151 250  64  89  70  79 141 208   9 147  68]
 [ 84 148  92 135  93 131 145 184  56 201 165 222  72 186 129  46]
 [249 154 207 156 196 139 121 203 124 193 230 175  99  21 173  60]
 [190  83  52 237 126 241  41 101 218 130  59 187  65 181  55 225]
 [155 209 177 232 120 240 192 244  63  51   0  76 247  39  57 171]
 [146  27 153 246 163 210 160   3  91  37 200  74  94 221 235  71]
 [ 10 168  50  82  48 167  18 152 166 251 188 183 134  15  40  58]
 [137 255 233  12 242 238 239  13 245  19 172  17  47 214  23  62]]

========================================
S-box #29
Average Nonlinearity = 109.75
[[ 92 132   9 159 212 167 100 156 133 126  25  84  42 121  35 202]
 [ 98 165 106 180 123 239 140 205 241 162 112 102 229 174  86 198]
 [120 127  20 128  18 181  81 148 142 199 176 115  79 209 161 145]
 [197 104 152 236  17 124  80 204 160 146 211 151 173 214  63 141]
 [116  56  85  77 218 192  76  29 185 225 224  61 101 255 226 207]
 [ 41 179   8  45  54 238  11 182 105   0  14 155 221  48 220 157]
 [ 36 194  60 113 130 244 114 166 184  43  67 139 147 206 108 187]
 [249 158   5  46 219  73 196 138 135 247 170 144 245  28 171 168]
 [175  22 169  94 109 203  30  93  15  31 222 248  44   4 191 129]
 [143 235 183 201 208  70 228  75  91 210 122  51 186  97 134 178]
 [ 55 190  87 200 254  82 240  38  89 253  16 154  49 150  37 111]
 [ 23 125  39  40 215 163 223  32  21 164  99  52  47 131   1 107]
 [217  68  33 137 110 119  24 103  62  34 233 188 189 136   3  95]
 [177   7 149 195  74 250   6 246  53  96  12 252  64  72 251 237]
 [117  69  26  50  13 118 172  57 213  83  58  90  66  59 242  78]
 [227 193  65 230 216  27 153  88 243  71 232 234 231   2  19  10]]

========================================
S-box #30
Average Nonlinearity = 110.25
[[195  60   0 178  15 144  76  83 241 131 254  58 197 157 135 232]
 [ 29 211   8 107 127  22 212  56  93 181  81 207 142 134 101 153]
 [235  85 124 117  75 169  95 174  87 233  80 208 148 175 200 112]
 [ 99 158 125  30  35  12  92 184 227 204 139 215 206 129  11 106]
 [128  16  19 187 196 240 185  84  65 122  51 165 103 143 191  89]
 [ 86  91 132   7 252 113 119  63  64  66 136 228  28  71 121  55]
 [179 214 182 198 130   5  26  52  77 199 110 114 180 141 203 126]
 [ 25 247 221 173  23 111 104 137 151 249 248 116 145 138 217  45]
 [231  18 152  88 194  96 170  32  48 150 201  40  39  97 155 102]
 [149 164 237 236 100 250   9  94 123  46 209 168  53 171   2 189]
 [226  13 162 154 156 223 251  69 210 159  68 147 193  98 229  90]
 [225  24  20 115 177  33   1  47 108  54 176 222 186 161 140 255]
 [202 220 224 253   6  44 243 244  42 120  59  10 118  37  82 242]
 [146 133  49  73 218  17  67 166 230  50 216  34  72  57  36   3]
 [ 27   4 188 245  38 105  41  70 234 239 160 163 205 190 167 213]
 [192  21  62 183  61 172  79 219 246  74  31 109  14 238  78  43]]

========================================
S-box #31
Average Nonlinearity = 109.75
[[ 32  40 168  97 166 101 153 147 196  90 190  88 193  94 178  83]
 [205 133 243 158 245 223 121  57 186 204 127  34 118  82 206 137]
 [222 162 136 231 215 180  81 181 141 239 116  79 128 156 172  10]
 [210  17 167  99 161 117  78  20 131   1 122 152 151 155 170 160]
 [ 60 134 135  24 252 235 132 249 255  62 200 113  96 171  91 188]
 [ 85 179  71 211 150 165 103 142 199 109  39  36  45 194  95 174]
 [227 110 111 108 119 209 144   7 139  98 164 228  47 146 241 157]
 [  4  25 247 225   2  72 212  68  35 234 112 102 175  70 104  12]
 [253  41 177  51 163  21 126  28 123  44 195 145 182  43  93  86]
 [159 115 100 173  87 220 226  92  13 120 130 114 207 197 244  89]
 [ 48  65 148 238  67 154 251  16 201 125 202  59 187  84 106 213]
 [191  69  76 184 221  33  37 198 192 183 140 149  80   6  22 105]
 [242  55  73 208 236   3  42  77 237  66 176 216 129 203 189 185]
 [224  46   5  75 143 107  74  14  49  15   0 138 217  63  26  18]
 [229   9 240 232  19  29  11 219 214 254  53 246  38  31 169  27]
 [ 56  64  58 230 248  54  52 233 250 218   8  61 124  23  50  30]]

========================================
S-box #32
Average Nonlinearity = 109.5
[[131   0 231  97 187  84 202 120  61 199  37 116  81   1 142 108]
 [119  65 205 135 235  96 170  94 178  82 206 136 227 111 241 162]
 [113 176 203   5  35  69  48 160  60 196 101 153 250 179 138 218]
 [209 219 216 197 158 139 159 123  44 255  71  55 168 169  95 175]
 [ 85 201 117  74  93 181 144 121  52 167  98 229  36  78 211   3]
 [ 80 152 150 157 130   2 223 248 234  89 192  39 185  83 133 243]
 [180 140 208 145 155  77 164 107  32  45  90  67  87 100  70 137]
 [222 236 103 143 194  92 109 134 238 132 253  38 198 126  29 129]
 [110 212  62 200 114  88 118  72 220 237 204 127  23 224  46 195]
 [182 105 232 141 163  25  64  24 239 240  86 115  57 254 189 102]
 [147   9  99 166 165 106 125 183 124  91 154 186  41 191 193 221]
 [ 42 104  27 161   8 190 122 210  66 249 146  11  47 184 148 188]
 [149  53  34  54 128  14 247 242  50  63 226 151 177 251  12 173]
 [112 217 225   6 252  30  31  79 156 172 171 214  28  18  17  15]
 [246 213   7  16  73  22 228  33  59  26 215 244  13  10 233  51]
 [ 56  43  76   4  75  40  21  19 230  20  49  58 207 174  68 245]]

========================================
S-box #33
Average Nonlinearity = 109.75
[[163 111 101 119  61 162 131   0 229 174  99 159 124  37  87 196]
 [108 150 171 209  26 149  33  53 172  88 212  94 178  82 206 137]
 [220   8 117 126 152 252 204 113  98 122  49  16 232 247 224 250]
 [140 193 169  95  39  15 198 114   1 236 107  27   7  59 127 181]
 [ 81 207 142 139  22 216 191  46 188 164 112 102 147 158 189 254]
 [192  91 185 173 135 104 199  34  38 130   6  40 242 167 123  44]
 [ 93 217 133  12  92 184 221 148  96 190 195 161  97 138 197 103]
 [160 134 165  72 105  68 144 218 118  48  55  21  52 211  74  60]
 [183  56  73 176 205 106 233 200 177  58 125 230 121  25 143  51]
 [ 43   3  11 234 132 182 223 228  54 166 154 110 115 179 128 120]
 [145 141 253 146 203  41  29  17 156 231 214  70 241  76 237  47]
 [ 62  85 194  67  42 175 246 240 210  65 170 251 213  50 202  31]
 [151  63   2 219 226  32 255  36 187  84  13 243 208  28  64  86]
 [109 168 201 116  83   4 129  69 249 244  66 227 222  10  20  79]
 [  9 225 248 239  90  71  24 245 186 153 238 155 100 215  75  80]
 [ 45 136 180  30 157  57  19  78  77 235  23  35  14  89  18   5]]

========================================
S-box #34
Average Nonlinearity = 110.25
[[ 19 201 155 206 141 205 223  12 160 140 246 211 163  43 108 122]
 [ 47 153  41 250 134 237  85 107 110 113  95 175   7 170  36  74]
 [212 243  93  38 142 196 101 147 133 198 177  83 204 130   5  54]
 [ 10 200 114  91 159 220 222 238 123 232 128  11  99  23 121  35]
 [197 104 137 244 226  98 162 109  75 168 208 171 186 251 105 245]
 [ 96 152 173 102  87 115 103 145 184 207 151  25 174 143 194 179]
 [172 202 120  61 178 199 193 181 154 149 106 117  60  88 119  37]
 [118 169 164 136 229 185 195  77 127  84  72  46  90 189 224  73]
 [ 22 252 248  16 158  81 234 124  30  70  44 111 188 146 183  27]
 [ 82 112  86  56 192   1 157  92 135  65 139 210  63 241 239 247]
 [ 68  66  67  71 254 240  24   3 225 167   2 126 214  55  31 161]
 [116  48  97  80 209  20 203 213  94   8 231   6  59 144 218  40]
 [253   4  79  29 215  53  34 249 242 187 228 190 150 165 217  13]
 [ 15 191 132  45 100 230  33 138  32  64  76 176 255  58 131 125]
 [  0  49  17 235  78 148 219  69  42  50 221 156   9  14 180 227]
 [ 57 129 216  39 182  89  26  51  52  18 166  62 233  28 236  21]]

========================================
S-box #35
Average Nonlinearity = 109.75
[[107 105 169 244 188  85 201  30 180 242 112  89  67 234  91   7]
 [202  71  13 160 151 155 199 108  60 194 115 170  93  12  29  14]
 [141 126  26   0 226  45 220 248 102  66 129  82 206 137  47 235]
 [100 116 117 219 142 189  86 198 119  28  84 133 193  90 182  58]
 [122 165 131  77 211 168 109 176  83 205 247 225  43   8 123 179]
 [ 79  98   4  62 110  44 114  18  81 207  31  51 101 240 192  69]
 [209 153 149 184 154  64 197  68 196  61 173  88  95 175 152 172]
 [ 33 136 134 245 148 139 212 191 177 159 185  36 138 227 103  38]
 [229 162   2  15  23  59  27 216  11 253 118  19  48 127 143 210]
 [  9   6 204  41 106 132 251  20 195  65 217 130  50 208  92 218]
 [223 243 135 167  94  37  40 166 203 125  70 161 104 214 111 255]
 [236 120 124 163 140 200  49  17  73 171 224 254 128 156 231  55]
 [178 241  22  53  54  96  57 157  39 164 113 145 237  10 186  74]
 [187 190  35  32  97 174 121 146 181  21 183   3  46  87 252 221]
 [232  56  99 222 147 150 239 250  25 144 238 213  16  42  75 249]
 [158  24 246  76   1  34 230  52 228 233 215  63  72   5  78  80]]

========================================
S-box #36
Average Nonlinearity = 109.75
[[ 13 162 219  85  19 207  40  22 116  16 150 197  79  21 254 123]
 [251 133 242 170  93 180  82 206 198  99 159  83  38 210 179 137]
 [  0 228  55 182 147   8   2 238 199  86  46 130 153  61 138  59]
 [252 244 235  32 155  91 187  84 119  88 194  96 152  78  65  45]
 [202 203  81 172 189 248 216 247 225 246 174 107 145 196  58 112]
 [108  17 236 227 213  74 100  92  56 195 218 209 132  20 168   9]
 [127 201 122 193 151 149 117 220 113  34 230  24 102 208 171 143]
 [ 47 103 142  53  43 234 158 120  50   5  69 144  30  35  68  15]
 [ 64 124 139 205 226 177  94 129  97  25  87  54  39 175 224 241]
 [237  67 164 167 105 161 214  51  52 141  14  12  98 185 111  77]
 [176 166 163 140 101 126   7 125 229  28  89 232 134  27  72 253]
 [115  80  73 212  10 165 204  41 118 156 184 106 131 191 181  49]
 [ 62 136  75 222  37 135 223  60 250 154 211 110 190 169  95 173]
 [239 215 104  31 240 148   6  23 245 109  33   3  66 146 121  18]
 [157 243  76 255 231  57   4  70 160 178  42 192  36  29  48 221]
 [233 114  11 186 200 188 249  90  71   1 217 128 183  26  63  44]]

========================================
S-box #37
Average Nonlinearity = 109.75
[[201 116  79 209  94 149 246 221  38 229 142 187  84 235 121  21]
 [171 218 176  32  47  19 172  90 189  87 196 100 157 251 109 217]
 [199 241 115  86 198 228 130  23  15 210  68  18 179  82 150 137]
 [223 242 167  57 154  35 191  89 192 122  83  25 132 128 180 207]
 [141 119  67 206 127   6  39   9 219 170 107 124  36  75 212 169]
 [155  64  66 245 238   0 226  42 161 117 136  93 200 113  95  77]
 [ 85  98   4  53   7 111 165 105  16  92 184 151 156 133 243 183]
 [ 52  99 120 126 252 205 204  91 202 203 190 225 177 125 101 159]
 [186  50 162 178 134 239 164 233  80 152 148 166 102 138 163 118]
 [144 114 254  60 195  14 112 247 224   1 139 214 174  51 108  74]
 [ 62 182 240  72 249 194  96  88 197 232  22 193 208 146 160  65]
 [222  69  61 215 185  58 188 104  27 135 106  45  28  70 211  49]
 [216   8  31  37  34 234 129  11  71  40 173 158 153 110 231  63]
 [ 48  81 230  10  17 145  59  33  54  30 143 244  76 147 255 181]
 [237 168  97 140   2 123  41 253  20  73 103  12  56 236  46  24]
 [ 78  43 131 227  55 220   5 248  13  26 250  29  44 175 213   3]]

========================================
S-box #38
Average Nonlinearity = 109.75
[[204 131   2 245  41 102  91  35 239  93  30  85 207 141 128  73]
 [139  59 244 240 246 172  42 202  55 120   0 104 226  44 253 169]
 [ 24  87 196 211  36 192 238  11 237 154  81 117  95 101 129 250]
 [218 184  82 210 214 107  92 108  90 190   8 193  13 179  58  66]
 [ 89 247 180 182 229 187  68 209 142 252  61  63 215  23  86  48]
 [130  84 205 162 115  26 137 224 151  75  37 100  78 114 113 126]
 [191  88  94 255 163 109  31 212  20 149 112 103  51 138 217  17]
 [168  96  14 156   3 251  22 171 186  83   7  60 195  97 167   6]
 [158  28  12 206   9  25 181 152 148 175 227 189 123 122 136 231]
 [249 140 160 119  64 133 145  62 236 188 116  29 153 234  65 161]
 [201 235 132  57 124  40 106 248 243 178 118  71 157 159 144  21]
 [183 110 197 208 150 254  50 143 199  72  56  99  43 127 125  98]
 [177 173 176 213 194 203 232  52 164 146 216  67 241   1   5  45]
 [ 70 166 135 134 223 233  80 228  33 200  32 222 165 170 219  27]
 [111 185 220 198  39  54   4  47 174 121 155  74 105 242 225  10]
 [ 76  38  15  34 221  18  19  79 230 147  46  16  53  69  49  77]]

========================================
S-box #39
Average Nonlinearity = 109.75
[[128  14 137 223 242 165 105 225 184  42 164  77 207 163 110 113]
 [ 95 176  84 202 120  58 191  89 192  92 185  82  44 204 215  51]
 [166 240 147 173  87 196 148 103 144 205 135 236 107  17 158  90]
 [189  86 199 111 108 169  54 175  85 201 118  73 212 250  93 182]
 [ 81 211 142 101 150 171 125  35  67 209 151 154 143  91 187 203]
 [ 32  46 138 230 190  11 195 229  97 104 140 134 241 114 106  13]
 [129  10 180 200 112 198  55 100 152 161  76 167  99 115  69 162]
 [ 94 235 141 116  83 133 109 208 146  53 172 188 119  66 145 193]
 [177 136 127  20 159  41 157 130   3  12 139  96 117 186  21  24]
 [231 178 245 124  78 210 206 132 252  36 251  19 155 218 222 183]
 [ 63 181 197 226  16 122  49 149  68 213 131 237  59 247 224 255]
 [126  26  48 160  74   6 219 249 253   0 156  80  98  40  34 214]
 [153 121  88  57 234  38 254  71 227 232   1 243 248 102  29 168]
 [221  37 246 194  56 238  64 239   4  52 179 217  45 233  75   9]
 [220 216  79 123  72 174 244  50  23  15  18  39 170  31  60  25]
 [ 47   7 228  61  65  30  27   2  43  22  28  70  62  33   5   8]]

========================================
S-box #40
Average Nonlinearity = 110.0
[[163  14 138  85  80 116 105 197 127  63 224 114  25 132  74  83]
 [113 209  95 104 137  22  68 162 103 208 130 205 133 243 206  82]
 [179 253 174 128 230  89 193  93  45 240 157 196  51  44 139 164]
 [ 16 151 153  46 183 203  81  41 111 147  49 106 236  86 219 216]
 [195   7  47 101  54  88 252 129 152  56 204 251  97 246   9 178]
 [192  91  13 248  17 168  96 169  27  57 117 115 212 170  78 184]
 [149 213 199 136 142 238 173  70 150 144 180  66 202 120  58 165]
 [175  99  94 177  36 158  19 156  33 172 231 160   4 108  12   5]
 [ 35 218 155 140 134 244  37  62 176 211  61  69 141 181  18 119]
 [188 100 185  84 186  92 190  38  67 198  43  90  65 220  52  31]
 [135 112 247 194 122  50  55 233 182 207 166  77  24  15 171 123]
 [249 121 235  30 124 241   3 237 154   8  75 161  23 223  98  26]
 [200  32  87 107 242 210 143  76  42   0  64 228   6 167 255 102]
 [234 226 225  79 217 109 189  59 254   2 222 145 126 191   1 221]
 [201  28 125 239 214  11  72 187  10 232  48 131  40  73  34  39]
 [110  71  29  21  20 146 229 215 227 250  53 148 118 245 159  60]]

========================================
S-box #41
Average Nonlinearity = 110.0
[[  7  54 177 105 187 131  52  71 153 160  96  19  95 174  86 198]
 [106 168 247 246  24 238 129  90  93 252  10 197 142 196 102 148]
 [229 101 151 154 199  77 108 122 130  75 249 228  89  12 190  88]
 [194 175 100 250 204 111  73 255  37 162  81 145 180 141 201 222]
 [ 68 210 212 134 245 207 136 163  87 103 191   5  48  34 227 239]
 [127 115  59 124  38 233 186 109 161 170 195  98 231  62 117  29]
 [169 121 205  94 223 188   1 236 113  36 123 167  97  31 225 104]
 [  3 208 181 112  69 150 118  72  61  82 182  41 171 137 224   0]
 [243  64 126  26  63  30  35  67  40 143 192  20  25  85 116  80]
 [138 209  99  15 179 189  14 202 230  66 213  22 133  56  27 166]
 [ 55 214  23 232  11  39 242 156 114 176  91 185 158  21 218 240]
 [254  76  58   6  49  47 135 110  45  46 132 217 155  60 146 203]
 [234 149 215 237 140 173 157 147  13  65  42 152 216  92 183 139]
 [200  84 159  83 244 120 125 107 206 241 184  74 178 253  44 172]
 [ 28  43  33 119  51 164   8 219  53 193  78 221  57  16 220   2]
 [  9  50 211 165 144 251  18  70   4 128  32 248 226 235  17  79]]

========================================
S-box #42
Average Nonlinearity = 110.0
[[201 117  76 212 254  98  27 248 123  44 128  15 146 176  84 210]
 [124  37  87 252 104 140 208 150 159  42 118  69 211  51 113 165]
 [138  73 214 180  81 207 141 125  16  59 194  95 175  85 200 115]
 [196 102 172  45 218 250 157 130  71  61  54 153 187 126  79 242]
 [251  19 188  33 199 111 132 135 235 173  92  96 149  89  72  90]
 [198 178  83 205   5 244 195  97 166  29 174 197 215 147  80   0]
 [152 148 189 110 224 121 103 202 120  60 101 151 144 177 181 142]
 [182 170  88 183  82 206 167 219 112 136  41 227 127  57 228 169]
 [163  49  46  12 168 160  53 233 193 185 164 139 145  25  52 231]
 [ 91 129  93 122 100 156 134 133 249   4 240 190 171  94 131  24]
 [223 216 217 179 109 243 114  58 213 119 204   2 253  55  68  14]
 [ 64   9  18  30  11 108  34  22 107 106  31 234  78 162 154  50]
 [ 86  36  38   3  40  28 236 143 229 226  10 137 184 230  48  62]
 [ 99 161 155  47 192 105 186 247  26  17 255  35  43 203 225 220]
 [ 56  77 246  74 209  65 239 245  23 116 222  13  20  66 241 158]
 [ 32 191  70  75 221 232 238   8   6   7 237  21  39  67  63   1]]

========================================
S-box #43
Average Nonlinearity = 109.75
[[205 134 240  35  49  82 206 138  45   3 123  44 130   7 140 197]
 [104 136 175 195  91 155 234  83  71 250 196  31  42 213  67 208]
 [150 222  12 161 231 118 248 210 160 122  48 114  89  92 183  81]
 [137  69 204 131   1 238  86 163 115  84 202 121  50 167  15 178]
 [100 156 125 116  61 228  29  20 201 249 173  51  98   2 112 102]
 [110 111 107 166  19 236 113  94 177 162 199 253  38  93 180  85]
 [132 212 128 164 106 129   8  70 108  52 170 184 237  65 148 226]
 [ 13 158  32  11  87 192 168 117  74 209 152  99  97  80  14 151]
 [139 145 127   5 203 101  64 153 119 154  23  56  88 141 194  96]
 [172 105 190  66  78 169 217 103 142 133   0 221  36 120 198 255]
 [181 165  90 233 143 207 223 244 171 218 229 216 135 159 149  43]
 [147 193 124  72 215 211 251 214  24  59  27  40 176 239 230  22]
 [246  58 254 146  18 242  75  37 245  26 200  10 189  21  17 182]
 [185  55 179 188  41 224 220  46   6  39   4  76  30 144  95  33]
 [241 126 227  79 186  47 232 157  60  77  34 174 187  62 235   9]
 [243  68  25 191  57 247 109  63 219 252  16  53 225  73  28  54]]

========================================
S-box #44
Average Nonlinearity = 109.75
[[201 117  78 210 160 121  55 163  82  54 138 215   6  88  66 124]
 [171  91 186  83 204 128  15 170 220  98   9 106 132 249 247  65]
 [ 43  19 127 115 218  75 221  58 142  93 181  81 207 198 250   1]
 [242 185 176 133 101 193 182 236 244 152 149 162 205  53 183 140]
 [134 237 227 231  56  71 223 103 107  34  37  84 203 123  44 129]
 [ 12  23 211 164 109  17  50 222  59 212  33  99 158  18 172  90]
 [189  87  32 143  97 169 168 191 144 141 225  63 151 154 126  36]
 [ 80 199 150 147 173  95 159  45 135 235  94 178  86 139 108  42]
 [ 89 122 104 202 119   5  62 248 234 145 100  16 120  96 209 157]
 [175 155 136 255  25 245 125 216 200 112 153 146 196 110 114  92]
 [219 217 131 130 194 208 184  79  51 166 179 190 195  41 137 252]
 [ 40  29  77 197 180 102  13  21 192 187  38 224 118 105   8  14]
 [ 48 254 226 213 177  60 116  72  31 241  69  35  57 232  67 174]
 [ 85  76 111 156  20 165   0 246 113  70  49  28 206  47  11 233]
 [238  10 230 229 188  74 239 240 253  46 148  52   4  22   3 167]
 [ 68   7 251  24  73  26 228  39 243   2  61  64 161  30 214  27]]

========================================
S-box #45
Average Nonlinearity = 110.0
[[123  43 124 103  89  35  93 180  81 207 141 202 122  49 156 233]
 [231 127 182 142 196 100 154 116 191  90 185  86 198 108 174 179]
 [ 82 173  36 219 215 190  26  54 178 205 134 237 115  85 201 117]
 [ 75 212 169 162  57 246 216 197  74 139 171  91 217 245 203  27]
 [ 55  21  37 144 187 153  50 158 126  25 247 227 176 236 111 106]
 [132 252 138 211 164 130   7  53 193 230  39 250 223 121 133 105]
 [ 79  32  65  17 244 146 152  87 110  44  66 229  76  99 254  63]
 [204 129  11 165  69 112 102 149 167 109  77 228  60   4  14 166]
 [ 73 170  92  18 120  61  51  84 160 220 224   0 226 214 140 135]
 [188 168  96 137  98  67 189 131  70 249  64 206 183 238 199  83]
 [ 16 101 255 200  12 253  38 232  88 218 248 195 161 119 104  20]
 [151 114  46  13 181 210 148  40  28 143  80 208 150  56 239 194]
 [ 95 175   8 107  78 125 242 155  41 184 186 222 113 221  45  30]
 [ 47   3  48 145   5  33 172 192 235 213  24  10 147  68   9  72]
 [  6 128 241 209  29 159  58  94 225 163 136  42  19   2 243  52]
 [177 118 157   1  34 240 234  97  22 251  71  62  15  59  31  23]]

========================================
S-box #46
Average Nonlinearity = 109.75
[[ 10  97 124 140  88 192  95 175  79 203 109 227 212 200  92 184]
 [ 82 206 139 218 173 213 242  65  86 238  47  27   7 248  14 103]
 [145 116  81 207  41 171 230 114  89  96  91 187 123  44   2 253]
 [ 12 234  24  32 136  45  74 224 255  37 134 179 216 229 252 138]
 [133  30 113 198 150 125  68  54 120 135 117  94 128 101 148 220]
 [158 211 246  99 159 127  50 161 168 208  17 122 129  90 190  72]
 [ 58  25   9 196 102 146 239 225 233 172   1 250  84  21 108 112]
 [223 119 194  39  18 141  34  67   5  22 189  46 107  83  33  57]
 [ 87  55 228 188  61 237 193 131 162  93  80 197  15  71 154  42]
 [185 205 244  38  23  73 137 105 180  62 110 126  16 215 241 156]
 [121 186 199  98 100 232 254  48 157  70 165 166 217 201 118 247]
 [  0  53 182 221   4 191 152 251 164 177 245 147 231 142 214 181]
 [144 153   8 132 243 236 163 149  13 209 155  69  40 202 210  29]
 [ 76  49 222  59  85  52  28 183 249 111 219 160 176   6  75 169]
 [  3  11 115 143 178 240  35 151  31  20  66 204 195  78  43 104]
 [130  26 106  56  51 226  60  36  77  19 235 167 170  64  63 174]]

========================================
S-box #47
Average Nonlinearity = 110.0
[[ 67 134 147 173  87 123 102 172 108 190  88 195  98 164 107 126]
 [ 26 166  50 160 119  65   1 208 112  55 233 138 220 224 205 140]
 [207 144 185  19  89 243  82 206 137 236   2  53  80  16 136 229]
 [ 44 131 244 101  43 145 182  81 142 198 215 193  93 179 139 213]
 [178 227  23 226  14  15 162 114  91 187  84  33 122  47 186 132]
 [250  10  94  27   7 128  17 170 180 141 201 117  74 212 171  92]
 [184 221  21 146 175  85 115 118  69 211 191 167 155 130   5  28]
 [ 22 219 176 203 103  38 188  86 200 225 235 210  13 105  83 202]
 [106 252 116 152 231  49  68 222 241 199 197 100 133  63 196  46]
 [ 78   6   9 121 153 177  71 248 254  57 150  40 217 151 181 154]
 [223  62  61 246  25 183   3   8 158 125  31 127 214  45  90  51]
 [192 163 234 157 204  56 110  54 194  95 124  75 169 209 242 218]
 [ 97 159 148  20 165 237 156  35  96  58  77 109 135 113  99  59]
 [253 247  70  48 228  52 230 129  76 161  79 174 232  64 249 239]
 [120  66 245 189  41 255  37  32 104 149  36   4  73  11  30 168]
 [251  29  18 216  34  60 240 143 111  72 238  42   0  24  12  39]]

========================================
S-box #48
Average Nonlinearity = 109.75
[[151 178 137 104 186 171  84 181 200 115  87 196 102 219 135 241]
 [119  65 205 138 236 246 156   1  97 167  99 143 109  20 101 150]
 [160  71  70 211  94 222  30 147 116 168  96  95 223 235  83 132]
 [247 232 106 209 141 212 136 204 188  28  79  75 229 113 203 210]
 [121  55 179  82  27  53 213 174 206 175  67 131 158 127 118 220]
 [152 130  14 103 142 198 122  21 117 243 183 176  88  32 201 173]
 [ 51 170  57 228 129  12  76 166 182 224 159  48 128 149 107  22]
 [ 36 148  81 197 217  23 225 139  41 110  26 177 216 164  46 154]
 [208  77 153  80  89 123  44  85  59 193 155 134 249 146 112  24]
 [194 180 125 192  92 184 157 226 172  13 191 190   2 250  10  73]
 [144 120  61 214 227   6  15 195  37  60  58 161  74 163  91 105]
 [242 100  52 185 133  35   9   0 207 253 254 111 145 202  86  19]
 [169 245 187   7 239  29 199  98 165 252  69  38  63  39 230  66]
 [ 93 218 238   5  16 162 114  78  62 240 237  90 140  64  43  50]
 [248 244  18 233  54  11 251 124 215  40  49  68  34 189 126  31]
 [ 42  72  33 255  45 234   4  47   3  17 231  25   8 221  56 108]]

========================================
S-box #49
Average Nonlinearity = 109.75
[[228 106  86  14  77 184 209  50 161 175  85  33  54  52 212 170]
 [ 94 155  82 206 138 126 215 173 205 134  40  12 158 124  35  37]
 [181  81 123 142 197 105  76 232  28 208 159  73 141 200 112 101]
 [221 140 149 136 150 157 131 213  64 143 236  45   0 195 176  17]
 [162 102 146 178 239  32   9  83  96 252 186 174  67 113 204 137]
 [ 58 219 238 203  89 255 152  95 117  78 216 202 133 243 111  15]
 [147 119  53  87 104 225 165  62 250  10 253  36  26 211 166 100]
 [196   3 160 120 244 122  84 110 187 210 151 241  49  30  29 127]
 [ 44 190  90 199  13 114 180  11 130  93   5 107 167 242  19  24]
 [163   6 224 201 145  18  60  39 192 193   4 109  47 230  16 171]
 [ 23 229 108 164  99  66  25  71   1  88  27 121 118 153 144  34]
 [129 128  75 179 191 240  68 251  57  20  43 148 103 182 237 189]
 [154 169  38  63  69  55 139  42  65 246  22 248 222 234 168  91]
 [207  41 115  31  21 188 172 231   8 183 214 217  59  61 227 245]
 [194 233 132  74 156  97 198   7 116  92  51 135  46 235 249 254]
 [  2  72 220 177  48  56 185  98 218 226 223 247  80  70  79 125]]

========================================
S-box #50
Average Nonlinearity = 110.0
[[206  90 214 244 181 202 121  55 188  82 208 140 225 151 153  99]
 [ 63 119 180 141 201 109 100 210 161 236 211 165 104  80 149 177]
 [197  50 101 146 212 136 130  45 134  72  14 166  16 205 167 135]
 [ 97 113 164  43 127  23 226   3 174  86 199 240 139 196 187  18]
 [254 126 229 251  28  40 227  85 200 158  24  77 209 154 233 207]
 [ 61 124 102  12 191  87 144  95 155 224  89  65 103 250  67  34]
 [118 117 169  15 186 182 131   2 248  60 123   1  49 189  71 168]
 [192  70  91  21 106 159 147 138 243 215 190   8 230 108  81  66]
 [ 30 218 152  58 160  29  74  36 253 148  78 150  64 195  93 145]
 [163  68 107  84  76 105 217  51 115 241  96   5 252  32  47  25]
 [114 234 122 157 204 179 120 172  26  11 116 170 194 143 203 184]
 [183 125  33  22 111 193 198  27 219 171 132 242 221 128 133 245]
 [129 156  35 173  54 176  37  83   7  73 246 137  17  62  20 235]
 [ 52  94  31  41 175  13 228  92 223  59 255  56 185  98 239 216]
 [ 79 232 220  88  57 142 231 238 162 178  38   4  19 110 237   6]
 [249 247  53 222   0 112  48 213  75   9  44  46  69  42  10  39]]

========================================
S-box #51
Average Nonlinearity = 109.75
[[ 39  81 207 142 199 108  65  67 209 150 158 127  21   5  58 191]
 [235  93 179  82 206  33 216 192  90 188  85 201 117 125 212 168]
 [ 98 204  96  50  32  94 246 111 123  45 136 229 124 126  28  15]
 [ 89 100 155 234 146 134 238  19  76 174  92 215 189  86 109  16]
 [230 104 203  70  99 135  34  63 202 121  53 173 210 143  87 183]
 [140  37 133 245 144  44 128  17 167 170 116  80 113  20 194 122]
 [161 180 106 131 254  52 171  91 185 205  31  41 240  95 190 110]
 [112 220 130   2 255  73 184 137 222 236 217 237 118  64 139 154]
 [102 147  88 120 182 157   1 241  77  68 218 103 193 187 176  59]
 [178 232  71 200 181  46  83 164   4 149 129   9  74 214 224 160]
 [ 97 242  57  78 163 141  60 101 152 114 243 226 145 153  56  38]
 [ 54  49 119  27 151 252 169 195 221 198 166  51 177 248 231 225]
 [162  12 107 172 223   0 105  48 211 138 165 250  35  84 175  36]
 [ 26 156  79  11  43 197 132  22 115  69  55  72  47  10 186 228]
 [ 75  40 219   3   8 233  61  13  30 239 253 251  23  66 249   7]
 [ 14 208 159  62 247  18 148 244  25 213   6 196  42 227  24  29]]

========================================
S-box #52
Average Nonlinearity = 110.0
[[123   3  69 171 132  59  14 138 255 215 153  39 193  94   8  82]
 [ 15 137 223 247 211 232 199 113  28  87  84 162 212 143 194  53]
 [174  86 116 202 228  33  54 169 203  83 204 217  10 126 173  93]
 [170  71 207  30 210 191 227 189 197  50 167 175  37 168  80 209]
 [ 88  68 157  13 121  72 205  91 219 117 177 125 111  42 196 201]
 [163  99  11 208 149 164 236 124  38 148  60 106  47 134  67 158]
 [249  64 136 216 235 243 186 172 147  89 254  92 145 192   7  58]
 [128 187 135  26 155 150  46  61 109 115 100  17  85  56 248 225]
 [140 103 182 146 154  31  36 105 237 120 226 188 200 114 183 251]
 [ 97  12 107  35 131 165 190 206 231 129  81  90 102 152 179 141]
 [185 151  63  57 218 252 133  34 230 176 142  77  52 159 181 195]
 [ 98 108  48 161 127  24 118 229  79 238 198  76  25   1 160 178]
 [ 43  44  21  27   4   6 110 245 119 156 101  95  22 180 139 213]
 [233 221  51 224 214 241  78 239   2  41 242  49  73 130 122   5]
 [ 70 240   9  45  65 184 253  29 112  66  20 250  18  16 244   0]
 [220  74  96 104  19 234 166  55  40  32 246 222  75  23 144  62]]

========================================
S-box #53
Average Nonlinearity = 110.0
[[181  65 207 223 237 167 148 168  98  11 104  15 127 187 244 190]
 [ 87  96  20 155 140  37 138 200  88 194  97  35   8  92 183 141]
 [158 128  19 201 117  76 212 102 162  78 126 228 196 206 248 213]
 [178 205 134   1 112  86  48 171  29  23 142 249  60 179 218 247]
 [157 106 113 199 232 109 115 114  94 123  46 209  24 239  50 125]
 [ 31  40 149 216  81 145  82 236  25 151 136 101 170 166 159 219]
 [229 152  99 119 252  59 122  51 163  42 203 197 139 211 165   9]
 [242  44 129  10 191 217  56 210  47 143  64 100  90  14  27 130]
 [ 43  30  32  49 154 161  77 108  45 133 189  91  84  36  79 246]
 [184 156  66 103 105  28  18 173  95 144  89 175 176 193  93 182]
 [204 116 208 146 177  83 132  74 253 214 172 226 251 188   5  80]
 [225 137  39 233 124  52 240 202 224  53 174 198 107 111 121 169]
 [131 192  62  55  17 235 241  75 120 250 255 221 234  61 195  26]
 [245  58 230 180 227   6   7 220   2  41 160 185 231  54  72 153]
 [215  67 186  22 243   0  16  85  38  63  69   4 254 118  33 147]
 [150  12 222  68  34   3  73 238  57 164  71 135  70  13 110  21]]

========================================
S-box #54
Average Nonlinearity = 110.25
[[253  71  97  14 185 155 137  76 208 242 106  86 198 108 122  47]
 [ 40 171 244  61  88 233 136  91  62  80  18 214 149  56 109  49]
 [  1 234 246 200 114  66 180   9 207 141 222 115  84  46 225 182]
 [ 44  72 209 178 177 135 132 247 231  50 189 101 130 107  42 117]
 [ 74 212 170  75 142 196  43 138 215  87  51  31 218 140 153 145]
 [103 121 163 157 255 243 179 139 210 251  48 160  94  83 254  53]
 [172  89 229 192 191 186 204  95  90 227  20 205 232  69   5 143]
 [248 174 206  36  85  93  81 201 238  64  45 150 148 152 228  13]
 [104  22 119  16 211 162 112 129  10 249 245 113 102 199 110 168]
 [ 57  28  12 111 236 118 158 125  33  52  32 133  92 188  99 169]
 [ 21 166 144  96   7 223  98 216 183   0  29  37 100 146 175 176]
 [151 193 194  17 250   3 124  82 134 131  73 184 190 164 202  63]
 [181 147 220 123   8  34 128 221 105  55 203  30 187  65 120 159]
 [213 173   6  35 154 127  24  38 116 126  25  19  11 161 195 165]
 [156 240 226  54 217  67  78 224  58  68 197 252 235  70 241 230]
 [ 60 237   2 219  15  23  39 239  41  77  27   4  59 167  26  79]]

========================================
S-box #55
Average Nonlinearity = 109.75
[[ 54 169  95 175  86 200  79 158 148 115 241  83 203 127  24 237]
 [ 94  85 114  93 191  81 207 186  56 116  96 177 202 129  25  78]
 [ 12 109 188  57 194  89 119 178   3 166 147  65 199  69  64 206]
 [173 145 181 142 197 253 136 227  19 152 130  38  70 211 238 111]
 [106 162   1 243 183 124 118  90 190  88 195  97 182 236 122  51]
 [176 251  17 167  98 131 198 168 133 215 160   2  76  60   0 102]
 [252 170 157  82 138 216  99  62 126   9 247  66  50 196 208  47]
 [ 73 209  15  74  40 113  14   5 101 205 150 155 139 244 213 201]
 [192  92  53 242 143  91 187  84 123  44 128  18  80 179  48 104]
 [  4 135 151 144 141  16 230  22 220 174 180 204  31   7 108  67]
 [112  77 100 210  30 224 229  71 222  41  49  63 164 219 254 172]
 [140 193  27 137 105 240 132  46 107 221 154 223 232  36 146 163]
 [184 161  58 125  37 212 156 228  29  20  59 121 110 171  23 117]
 [234 226 185 134 239  72 249 246 218  87 231 217 255 159  39 165]
 [103  21 153  35 233  55 248 250  32  75   6 149  61  26  45 235]
 [214  28 225   8 189  43  68  13  33  34  11  42  10 245 120  52]]

========================================
S-box #56
Average Nonlinearity = 109.75
[[ 47 106 122 246 184 193  94 176  56 203  86  26 250   5  23  83]
 [ 19 162  90 190 114 195  97 167 135 163 110 247  99 161  16  79]
 [226 156  98 201  68 242 173 194  96 169  95 175 179 200 152 188]
 [232 115 126  58 109 100  71 212  70  93 181  81 255 142 197 218]
 [104 139 171  92 185  82 206 137 225  28  32 198 144 254  87 231]
 [174 196 101 215 182 213 187  25 248 243 186  21 205 132 252 151]
 [107 127  24 235 180  37 208 147  60 170   8 129  11  91 177 204]
 [131   0 227 125  31  40 108 119  64 240 148 155 165 154 145  34]
 [ 65 222  42 124 211 141  38  89 168  10 202 120  59 134 239 249]
 [233  76 112 214 224 138 103 128  18  62 236  53 238 251  35 164]
 [183 133  84  15 191 221  73  50 116  85 199 241 237  30 111 217]
 [ 43  51 102 166  49  17 130   7 207 158 209 172 153  27 178  63]
 [105 118  72  44   1 143  33  66 192  29 210 160  75  69 150 113]
 [230  61 244  48  88   4  54 216 220   6 149  57  77 245  41 159]
 [ 22 117   2 136 234   3 157 253 140 123   9 219  39  67  78 228]
 [229  36  74 121  52  46  20 189  55  80 223  14  45 146  13  12]]

========================================
S-box #57
Average Nonlinearity = 110.0
[[ 83 232  71  18 166 101 153 147 174  87 197 104 225 150 146  85]
 [241 159  99  12 139  86   5 109 116  10 207 144  62 112 242  95]
 [156 233 246  74 216 193  65 212 142 196 141 177 198  73 130  11]
 [ 89 203 124 208 245  55 122  37 218 185 226 133  54  45 137  92]
 [222 172 165  43  24 148 173  31 154 181 168  16 171  20  49 155]
 [210   7  91 160 204  64 111  67 103 120  50 189 118 187 131 180]
 [229 227   0 211 201  79 209 244  94   6  30  93 178  39  98 162]
 [114  84 250 221 231 202 134  70   8 105 151 255 223  78 164 158]
 [205  56 235 213 175 145 161 247 188 182 219 106 163  63 243  34]
 [  2 240  47  38 108 119 102 129 143  29 110 152 127  88 215 135]
 [ 82 228  32 113 199  75 179  27  96 170  58  19  23  14  81  66]
 [ 13 136 100  44  51  25 194  17 149 183  21  48  28 220  33  57]
 [123  42 191  90 128  80  97 184 138 206 132 253 169 190   3 214]
 [176  53 200  52  76  68   4 167 117 230  46 140  26 157 248  69]
 [ 36 217 107 192  77  60 195 121 126 125 224 252  35 249 254  15]
 [186   1 251 115 238  41 234  22  72  40 239  59 237  61 236   9]]

========================================
S-box #58
Average Nonlinearity = 109.75
[[ 85 201 112 200 115 100  79 142 199 236 108 121  91 184 113 206]
 [140 211 152  46 156 189  81  12 233  77 209 187 104 141 182  80]
 [212  68  95 175 186 162 114 246 179 138 219 215 150  88 173  98]
 [ 69 221 235  39 190 158 144  26 249  67  34 247 208 147 170  89]
 [191 137 224 149 163 109 252  72  40  70 202 167 157 131 255  62]
 [ 83 205 243   4 116 207 198 129 125  33  53  71  86  90 160 183]
 [204 254 154 130  54  10 169  93 107   5 127  13 111  57  78 177]
 [ 27 253  41 188 159 133 117  75  18 105 245 106   8   3  66 146]
 [178 136  87 197 143 223 194  96  94  65 128 217  76 231 148  25]
 [  7   9 228 226 237 203  28  36 155   2 145 139 118 181 196 110]
 [ 42  82  63 232  11  38 126  84  56 151 222  92 174 193 180  24]
 [119 165 238 122 103  55 164  47  52 240 213  99 176  32  51 124]
 [  6 195 166 153 185  22 132  49 123 210  50  31 102  73 171 220]
 [120  97 135  15 234  29  43   0 248 244 192  60 168 241 218   1]
 [239 250  37  17  48  58  61  59  44  35  16 230  45  14 227 251]
 [ 23 172  20  19 214  30  64 134 229 225 242  21 101 161 216  74]]

========================================
S-box #59
Average Nonlinearity = 110.0
[[ 36 235  93 179  12 206  33 199 177  65 204 127  22 147 226 223]
 [161 115  19 146  44  49 155  17 224 251 174  86 122 203 213  83]
 [ 73 212 171  92  80  16 222 231 181  64 123  70 143 149 245 193]
 [214 244  30 153  99 158 108  43 173 188 156 132 250   8 210 209]
 [135 216 151 140 200 120   9 198  18 124 217 170 183  81 207 142]
 [134 116 208 168 254 227 205  96 128   4  34   6  14 255  55 221]
 [249 133 202 159 196  11 225  60  52  84 186 111 232 242   2  25]
 [ 98 167 246  48 121  85  56 104   5 185  29  68 165 109  23 190]
 [ 57 154  59 141 107 110 219 119  42  47 138 106 194 101 136 237]
 [211  58 152 195  41 102 248   0 100  46 129  69 118 169 145 182]
 [ 78  37  76   1 175 114  91 236 105  77 130  63  87 163 252 164]
 [178 172  90 126 241 157 228 112 160  62 137 238  39  54 144 103]
 [125  31 253  66 117 220  15 189 229  35 240 162 239 197  20  88]
 [ 50  82  72  38  10 201  71 113 192 187   3 148 215 191  97  45]
 [166  67  95  32  79 180 176  24  40  28  61 230 243  21 184 150]
 [131  94  27  51 247 233 139 234  89  75  26 218   7  53  74  13]]

========================================
S-box #60
Average Nonlinearity = 110.0
[[ 56 242 159 236  59 226  95 175  85 200 112  98 162 188 184 213]
 [103 145  10  81 207 141 201 117 150 212 244 113  84  82 203 138]
 [215 190 100 196 156 135 233  80 208  24  20 163 109 115 164 199]
 [ 78 137  55   3 125   1 152 210 232  68  88 133 221 229  43  87]
 [ 23 165   2  93 189 128  15 195 132  47 147 122 250 222 254  49]
 [ 72 181 227 108 121 211  83 130 231  39 237 247  32  28 169 180]
 [ 58 105 205 119 124  97  54  16  86  96 114  90 193  94  51 166]
 [107 118 160   8  65 149  12 202  37 252  26  67 148 194 143  92]
 [240 168 224  99  45 123  73 140 170 139  14 102  62  22 161 217]
 [ 21 157   7  57  79 249 171 142 101  42 120 198 185 126 129 234]
 [ 30  33 253 204  60 216  71 209 127  41 183 230 104 151  34  66]
 [ 36 136 241  25   0 197 220 176 155 106 187   4 144  89 191 192]
 [173 248 255 134 206 172 228  53 235 223 131  63  69 219  35  91]
 [178 177 158 186  31 167   6  17 218 146 243   9  13  29  40 182]
 [ 48   5 174 111  77  75  11 214  74 239  50  38 179 245  52 154]
 [ 44 238 153  18 110  76 116  64  46 246  70  27  19 251  61 225]]

========================================
S-box #61
Average Nonlinearity = 110.0
[[ 96 149 111 251 135 132 194 158 126 134  10 231 180 236 211 140]
 [205 254 160  69 210 161 117 247  53 166 108  19 207   3  16 115]
 [ 87 219 127 148 142  97 145  33  39  32 252  34  65 136 245 228]
 [122  75 212 169 181 177  94 129 222 101 152  14 157  93  43 217]
 [ 13 109  68  80 106 147 242  84 178 153 105  17 172  11 170 187]
 [ 91 203 124  35 121 192  92 184  74 206  37 120  60 199 246  63]
 [173  88 195   2 185  38  76 167  83 241 150 130   4 154 186 201]
 [119  67 209 151  25  41  36  79 216 193 179  45 133 227 200  48]
 [ 40   0 144 146 175 232 112  77  56  98 171 215  47 221  44  22]
 [244 213  58 239  85 253 196 139 249 176  23 137  20 255  64  73]
 [ 70  28  89  99 204  26 197 226 125  71  21  49 100 156  24 248]
 [  7  27  66  46  81 214   8  90 131 198  30   1 229  82 118 233]
 [234 237  18 250 230  31 113 168 164 224 240  55 243  78 114 165]
 [155  15 159 218 128 189 182 141 110  95 235 220   9 104 188 107]
 [ 62  54 208  52 163 202   6 123 143 138 162  86  29 116  59 183]
 [190  57  51 191 225 103  50 238 223 174  61 102   5  42  12  72]]

========================================
S-box #62
Average Nonlinearity = 109.75
[[106  89 250  10  94 176  84  90  56  30  35 180 212 170   6 229]
 [237 207 234 201  23  79 210  53 102 254  51 163 143 188 101 151]
 [153 145 181 142 198  41   4  24  81 117  77 211 165 199 246 168]
 [ 98 164 128  17 161 115  67  69 113 243 156 133 227   7  75  61]
 [107 167 162  96 172 203  40  87 196 100 129   8  66 195  48 118]
 [ 70 111 108 121 192 219 154   0  37  86 131 147 171 127 240 202]
 [122  46 114 112 155 138 105  31 130 177  83  99 116 225  62  80]
 [209 150   2 245  47 123 148  95  88 158 120  60  71 126 253  36]
 [184   3 241 119  13 137 194  11  85 208 169 141 200 197 224  16]
 [ 93 183  82 139 159 103  26 193 216 221 109 236  76  59 174 182]
 [104 144  34  63 157  15  20 166 178 205 244 247  28 149 255 204]
 [152 134 238  68  54 132  65 186 179  55 220 249 217   9 228 136]
 [ 74  33 190 135 232  64  14 242 124  57 187  44  91  19 218 173]
 [175  92 185 226  97 215  49 223  78 206 140 214  22 189  52 230]
 [ 50   5  38 146 125 191 110 252 235  29  18  25  39 222  27   1]
 [ 12 248 233  73 239  32  42 213  21  72  58 160 231  45 251  43]]

========================================
S-box #63
Average Nonlinearity = 109.75
[[131 255  72 212 173  93 181  81 167 142  55 103  39 185  83 200]
 [165 243 176 190 119 241  45 245 100 130 170  51  43 125 166 136]
 [229 221  96 171 104 189  14 199  68 117  76 211  32 182 149 197]
 [ 13 101  26 159  44   2 252 118  71 169 156 161 115  30 127  23]
 [230  48 248 109 209 155 141  94 201 205 233  84 223 123 204  15]
 [ 31  90  86 147 183 112 150 146 129  12 207  35 154 140 137 222]
 [237 158  34  61 138 217 202  27 144 133 116  82  79 139 108 203]
 [ 63  66 206 208 126  25 242 105 135 184 231 198  54 121 254 102]
 [ 38   8 195  98 124  91 172 132 160 239 143 194  95 175  85  53]
 [191 218  36 187 193  92 188   1 110 111 213 106   4  16  42 180]
 [177 224  22 179   6 153  21 148 128 163 164 113 235  18  73  19]
 [234 251 250  11 134  17  50  97 114 168  58   5  47 196 220  64]
 [122  29 145 162  78 186  33 120  20 151 240 152 247  77  62  49]
 [238   0 232 214  59   3 249  74  41  69 210  46 174 236  24  28]
 [ 56 219 228  60 192  37  57  10 178 244 215  70   7 246  87  88]
 [226  65  75 253  67  80  52 107 216 227  89  40  99 225 157   9]]

========================================
S-box #64
Average Nonlinearity = 110.25
[[138  95   9 148  82 177 215 186 180 205 131 199  45 133 245 198]
 [ 75 140  38  32  52 167  97 163 110  39 234 155 147 172  89  73]
 [ 92 139  96 174  74  41  16 145 151 154 164 135 231  62 191 116]
 [207 136 232 156 247  72  83 169  94 128 243 248 233 166 170 168]
 [ 12  64  59 137 223 242 107 235 213 241  81 195  53   1 239 130]
 [ 90  51 165  24 143 190 204 142 153  68 183 144 185 253  57  70]
 [105  93 179 178  88  14 181 238  78 173  77 211 101  15  19  87]
 [197  46 237 118  54  36 194  56 127 189 111 229  29  65 214 106]
 [  7  20 252 249 254 228 149 162 113  99 210 117  86 134 218 114]
 [182 196 193 176  28 122  50 115 146 203  26 226  80 184 109 202]
 [209 217 201  40  33 175  85 200 171  91 219   5  10 103 192 208]
 [158  42  11 100 120 250  84  34  44 152 216  17 108  71 125  98]
 [150  55 244  25  35 112 222 224 206 121 132  37  27 188   4 124]
 [ 69  30  31  49  43  48  60   3 129  76 157 160 246  18 159   0]
 [ 61 126   2 212 227  23  22 187  79 251  13 123 240 102 141 236]
 [255 119  63 161 221   6  47   8  67  66  58 225 104  21 230 220]]

========================================
S-box #65
Average Nonlinearity = 109.75
[[102 147 174  86   1 109 138 110  93 247 144 202  83 244 129  13]
 [227  47 184 167  98 163 113 122 171  91  58 200  19 146 242 172]
 [143  34 108 216  95 140  87 196 100  65 139 210 159 123  44 131]
 [  2 249 252  31 222  16  73 245 150 114  94 148 135 235 101 153]
 [169 175 107 186 232 118 212 168 117  49 126 195 197 137 133  40]
 [224 253  43 125  35  68 209 170 237 180  81 207 141 226 188 189]
 [ 79 198  85 124 103  88 233  20 225   4  36  74 183 234  55 173]
 [ 54 127  56  42  82   6 187 243  96 136 228 156 205  84 203  52]
 [ 27   7 182 160   8  62  99 161 178  32 176  57 152 119  66 120]
 [ 60 179  15 215 250 204  67 208 223 191 181 185 194 254  89 134]
 [164 132 248 177 240 238  30  18  97 236  23 142 201 206 112  77]
 [246 220  17  75  25 192  41 239  21 166 115 218 255  10   0 230]
 [ 46  38  64 130 154 213 149  29 111 214  11 121 229 104   9  92]
 [ 53  63 151  51 211 193  37 145 251 106 165  90  71  61   5 221]
 [ 69  59 158 217 128 116 162 157  50 241  33  72 190 231 199  76]
 [ 28  78   3 155  80 219  70 105  26  22  12  14  45  39  48  24]]

========================================
S-box #66
Average Nonlinearity = 110.0
[[189 164 136 103 162 182  81  48 142 196 102 149 145 115  88 193]
 [ 80 180 188 201 117 207 211 151 106 131   0 227 186 199 109  76]
 [ 20 101 153 146 178  82 206 137 225   2 156 100 168  98 165 105]
 [134 239  77 220 230 232  65 205 133 244 173  57 187 160 203 125]
 [ 34 250 255  61 108 119 155 140 209  87 214 222 238  43  66 234]
 [ 29 120  59 194   7 204 128  16 177  83  15  14 215 152  85 247]
 [112 242 223  39  42  44 157  13  30  28 175 148 170 154 144 198]
 [237 202 192  50 161  58 111 107  25 185 236  56 200   5  32  49]
 [ 91 116 130 221 219 181  92  55 132 248 251 235  89 135 150 195]
 [104 138 216  99  84 118  68 114  90  97 212 141 240 166  18 129]
 [  9 163  67 208  36  93   8   6 110 190  94 167 124  37  40 113]
 [174  54 176 121 169 143 122 179 249 252  51 210 127 171 224  60]
 [246 147  31 158 245  21  38  22  86  64  24  69  63  46  23  72]
 [191   3  96 253  62 217  11 231  27 243 172 254  74  73   4 241]
 [229  10 218  79 184 197  26 183 159 123 126  45  47  19  78 228]
 [ 95 233  75   1 226  12  35  52  70  17 213  41 139  71  53  33]]

========================================
S-box #67
Average Nonlinearity = 109.75
[[127  63 234  90 189  87 197  88   4 180  57 207 141 200 194 196]
 [101 154 143 190 103 119  97 165 191 152 102 131 226  84 203 126]
 [ 26 254  33 179  82  69 140 210 111 146  37  41 153 148 170  93]
 [144 142 149 162 113  76  94 202 253  52 169  95 173  99 159 123]
 [ 44 129  11 105 136 227  20 106 155 176  17 164  24 198  15 192]
 [ 92 184 137 223 242 174  30 233 157 161  81 186 128 205 132 248]
 [237 112 133 245 138 160 104 201 118 206 158 236 110 217 181 125]
 [ 32  50  55 208 211  13 163  64 204  83 108 120  59  91   9 139]
 [ 46  16 130   7 151 109   6  18 172 193 212 124  36  79 209 147]
 [166 168  74 229 121 246 178 100 107  38  89   5  27   2  40 241]
 [156  42 117  68 122  54  23  22 235  96 199  14 238  31  39  56]
 [145 185 116 231  61 114 195 213 177   0  45 224 225  10  21  49]
 [ 60  53 175  85  66  98  70 171 183  28 150   1 247 232 188 252]
 [167 182 243  47  62 115  75  25  51 214  71 219  43  29  72 251]
 [240 135 134 187  12  80 222 218 216 228  67 220  19   3   8  48]
 [249 250  34  86 215 230  35  73 255 239  58  65 244  78 221  77]]

========================================
S-box #68
Average Nonlinearity = 110.25
[[ 66 190 254 223 101  70 155 161  46  25 242  32  30 162  88 195]
 [ 73  40 100 118 220 210 136 117  76 212  49  99 159 122  39 173]
 [163 198 184   8 206  10 231  87  11 112 205 157 132 252  31  90]
 [192 239 209 152  37 147 171 154 244  42 238 240 145 230 253 138]
 [ 80 199   5 156 135 233  79 202 246  65 133 185  61 103 144 187]
 [ 54 203  84  47  20 215  12 113 107 172   3 229 186  83 204 221]
 [160 226 139  28 180   0 106  69 193  93 179 110 218 249  71 149]
 [137 166 102 148 227  92  98 114   6 119  91 170 134 207 108 131]
 [255 197  67  34  96  62  57 105  59 213 194 176 140 201 116 217]
 [124 104 175   1 169 167 115  29  15  50 181  81 142 178  14 214]
 [165 109  58 191  85 196 168 164 129 141  38 125  97  68  82  27]
 [  2 232 151 225   4  22 241  72  77 188 245 235 250 143 128  94]
 [222 236 111 189 120  26  23 130  63 211 200 183 121  53 127  24]
 [182 123 224 251  19 153  48 150 247  45 237 219 174  18  43  13]
 [146 158  33  86  36  95  41  60  75  52 177  17 208  64  35   9]
 [ 74  89  56  55   7  51 228  44 243 216 234  16  78 126  21 248]]

========================================
S-box #69
Average Nonlinearity = 110.0
[[180 116 244 205 132 210 223 248 103  66  76 170 251 182  85 237]
 [ 54 224 221 125  72 141 241 143 157 252 123 167 176 148 135  28]
 [160  50   6 114  90 147 175 199 110 211 184 150 193  93  21  62]
 [151 142 214  37  97  64 206 139 134 179  80 213  43  86   7 115]
 [178 131 208 220  36 163   4  52  51  99 183  53  71 254 122 119]
 [169 108 172 138  67  91 207 177  26  18 154  68 156  82 153  70]
 [228 245 146   1 105 198 118 165 239 215 120 106  84  95  65  10]
 [246 202 185  14 226  46 191  88  75 137 204 189  20 133 188 238]
 [ 56 149  35 212 128 218  31  39 129 236  41  81  73  87  32 190]
 [ 13 201  74 196   5 168  24  94  60 195 159 161  40 174  47 197]
 [104  16 232  69 136 192 117  44 235  42 219 101   3   9  89  63]
 [227 130 124  92  12 100 140 200 164  29  25 247 222   2 243 194]
 [109 203 126 255 127  96 111 107  55 166  79 225 181 113   0  57]
 [187  61  49 155 144 162  17 121  30 171 217 242  15  98  83  27]
 [ 19 158 234  78 233 250  34 186 216  59  58  77  22 231  38 240]
 [ 23 229 253 249 230  45 112 152  48   8 209 173 102  33 145  11]]

========================================
S-box #70
Average Nonlinearity = 110.0
[[169 159 135  84 239 120  62 201 115  85 200 112  99 158  72   4]
 [ 53  74 222 170  92 183  81 207 141 204 128 253 177  83 205 132]
 [249 245 208 145 181 142 166 102 147  60  20   8  91 186  55 224]
 [250 192 174 211 247 104  18 210 125  33 172   7  97 168  96 171]
 [184  82 206 137 223 251 202  12 227  19 163  58 190  88 173 195]
 [ 98 105 175 233  64 197 101 154 143 191 232 189  24 199  38 107]
 [198 111  14 131   1 235 148 165   2 193 161  77 164 126  28  13]
 [129  10  87  23  42 121  56 243 130   6 146 178  69 114 196 138]
 [219 216 167 176 117 188 113 103  93 179 151 157 248  86  90  68]
 [ 54 180 203  27 140 209 153 119  66 212 238  34  49  94  73 214]
 [156 133 246 215  11 187 110 109 116  79  46  43 134 217  15  70]
 [244 152 242 118 236 139  78 225 150 229  95  39  31  51 194  52]
 [228  29 221 100 220  59 149  26 108 230 144 127 122 213  47 255]
 [155 240 106  16 160  61 123  21 136  44  80 162  67  89 185 231]
 [ 40 218 241 254 124 182  41   0  45   5  22   9 237  63 234  76]
 [ 35  36  17  71  48  32  50  25 252  30  75  57  37   3  65 226]]

========================================
S-box #71
Average Nonlinearity = 109.75
[[202 119  93 203 125  32  51  18 111 108 121   5 183  83 204 130]
 [  6  44 128  16 157 129  13 123  11 101 150 159 122  49 131 134]
 [ 33 189  87 197 102 147 174  86 199 105 135 232  70 211 165 104]
 [137 222 237  65 206 136 231  56 182  81 207 142 198  45  99  96]
 [171  91 188  85 201 118  72 212 103 141 229  74 170  92 140 209]
 [155 138 220 223 248 236 149 162 112   3 114 210 246 214 184  82]
 [234  90 190 196 194  97 168  98  46 154 144  53 106   4  17 164]
 [ 12 186 126   0  42 205 132 250   2 247 107  48   7  60  88 139]
 [213 175 200 100  47 173  23 217 219  21  19 191  89 192 185 117]
 [ 36  79  31  15 255  73 230  35 235 180 226 240  43  27   8  62]
 [110 113  68 124  39 152  61 116 158 252 115  38 195  64 161  75]
 [181  26  78  50 227 166 145 254  10  28 224 249 156 133 242 169]
 [253  57  34 238 179 127  20  76 151 233  29  22  41  71 178 148]
 [172 193 177  37  84  40 228  58 153 143   1 239 221  66 243  94]
 [216 187 146 208 167 160  52  80   9 163  14 225 176  24  77 120]
 [215 245 244  69 241 251  59  55  54 109  30  67  63 218  25  95]]

========================================
S-box #72
Average Nonlinearity = 110.0
[[137 222 235  92 183  81  97 141 200 113  90 164 106 129  10  93]
 [162 142 196 101 152 150 157 242   2 194 213 175  85 236 117  76]
 [253 140 207 181 100 130   6  59  91 186  83 204  67  22 221 187]
 [ 84 202 122  53 158 126  26  68 224 238  24  20 133 216 105  96]
 [171  98 189  86 199 110 114  94 178  82 206 136 230 169  95 173]
 [ 87 232 192 227  19 191  62 102 180 239 115  88 116  89  65 203]
 [201 177 147 134 240 131 167 156 172  28 145 184 168 188 174 119]
 [ 66 144 166 108  51 151 155 139 135  48 107 128  33 195 165 132]
 [250   7  25 163  70 118   0 220 154 205 245 198 123  43 124  74]
 [170 138 217 120  58 197  32 160 121 210  15   3 193 211 223  18]
 [ 79 104 219 218  54 127 153 146  77 214  16 111 255  40 209 125]
 [ 35 143 149  56  69  78  61 103 185 161 179 229  37 215  11 112]
 [ 99 159 252  27   9   5  36 208  41 212 226  14 248 244 254 247]
 [ 57  55 243 182  34  52 228  60 176 190  42  31  47 234  71 148]
 [  4  39  38 237  30 109  12  49  72   1 241 246  75  46  50 225]
 [  8  64  17  45 251  23 231  63  73  80 249  44  13 233  29  21]]

========================================
S-box #73
Average Nonlinearity = 110.0
[[153 145 184  82   2 137 222 240 146 178 174 228  30  35  70 211]
 [165 105 229  36  76  23 168  98 163 215 118  72 170  93 180 197]
 [207 141 200 115   7 193 182 142 234 101  47 223 245 114 181 242]
 [108 231  64 204 127  22  94 226  11  96 169 220 116  84 202 122]
 [ 46 143 194  97 166  66 147  92 140 209 144 189 176 171  13  69]
 [210 160 102  21 103  99 158 216 110  83  95 136 221  45 237 167]
 [126  24 238 124  40 177 205 132 212 239 227  26 249 252 157  65]
 [ 74 183 125  34  61 195  58 232  52 203 162 173  71 121  55 139]
 [100 154 148  17 134 241 161 117  77 164 107 248  42 113 233 208]
 [ 86 179 109  31  73 129 244 250   8 251  18 172 190 198 201 199]
 [138 219   6 254  68 133  85  90  88 104  27   9  79 155  10 106]
 [151 123  44 159  50 186 230  19  87 188 150  20 217  38  91  48]
 [236 135 206 213 243  63 120  28 175 112 225 253 247 214  16  15]
 [185 218  51  59  37 224  57  12  67  39 149  60 131 191  89 119]
 [  4  81  53   5   1 235 152  62 130 255 156 111  80  49 128  41]
 [ 32  43   3  54  75  14   0 196  56  33  78 187 192 246  29  25]]

========================================
S-box #74
Average Nonlinearity = 110.0
[[213 139 112  52  96 171  91 187  84 203 126  26 252  32  45 137]
 [220 226  10  92 183  81 207 141 200 114  89 191 100 184  82 140]
 [209 153 147 172  90 188  85 201 116  80 206 148  97 169 185 205]
 [135 231  61 197 104 222 234  86 199 111  40 125  50 160 255  66]
 [124 215 251 162 170  28 181 142 196 101 152 149 165 138 216 105]
 [225   3   9  77 211 166 103 144 186 221 204 128  62 107 192 154]
 [102 161 115 202  67 189 110 109 117  78 214 127  19  21  15 208]
 [178 235 156 134 238 136 113  33  60 194  22  36 190 193 180  23]
 [ 27 150  17 217 106 121  55   4  20 143  87 151  83 227  25 247]
 [223 168 243 244 108  56  11  99 230 248  94 198 120  58  88 195]
 [167 133 131 253  46 155 232  72 241  95  42 212 158  16 174   6]
 [ 38 179  76 118 130  73 164 122  48  71 132 249 250 233  75 228]
 [240  98 145 146 176  30  34  63  18 157   0 224 177   8   7  59]
 [  5  29  39 246 173 129 182   1 119  70 163 239 245 123  35  41]
 [237  79 210 159 175  14  65 236  64   2  68  93  13  44  12  47]
 [ 74 219  69  49 242 254  51  54  57 229  43  31  53  24 218  37]]

========================================
S-box #75
Average Nonlinearity = 109.75
[[197 105 137 226 181  90 188  85 200 113  96 112 190  88 144  98]
 [164 106 129   8  68 101 154 140 208 148 166 209 153 169  94 210]
 [ 83 205 132 249 252  32  48  40 151 141 203 124  58  91 221 118]
 [  5 212  53 170  93 180  81 207 202 122  47 147 171 187  84  41]
 [ 28 115 119  65 186  79 104 143 192  50 177 121  54 175 117  78]
 [160 120  59 193 179  82 102  10 125 196 157 251  30 235 216  22]
 [ 44 253 189 206 199 234  87 155 246 247 248 243 163 130   4   1]
 [ 97 204   6  45 224 250 114  20 150 159 123  23 228 254  74 133]
 [158 201 232  92 184 215  95 139 126  25 240 149 108 127 218 146]
 [ 52  99 174 103 142 145 183 176 131  34  76  86  89 191 109 242]
 [  2 167 217 110 116 225 211  70 165 198 195  60 138 220 223  36]
 [162 172 178 182  46  16 161  72   9  56 185 255 239 134  57  18]
 [107  12  71  39 241  69  29  42 128 168 245 233 136 230 152  33]
 [ 19 135  64  11  31  26 238 100  38 156 244 236  14  61  21 229]
 [ 62  67  49  75  13 194 173 111  66  43   7 222  37  15  73  24]
 [ 80   3  77  55  27 213 231  63 214 227  17  35 237 219   0  51]]

========================================
S-box #76
Average Nonlinearity = 109.75
[[ 77  38 185 112 195 210  50 157 131 255  22  25  29 121  72 164]
 [ 83 206 136 228  28  17 231  67 115  84  75 125 148  20 208 220]
 [193 144 172 117  76 211 166 116 153 145 179  81 207  31 196 100]
 [167 155 137 222 240 202  82  33   5 188 129 160  97 103 187 149]
 [204 154 209   7   4 253 223 189 152  95 229 161 186  91 171 124]
 [ 40  64 105 230 200  18 203 109  99 142 113 205 245 165 175 162]
 [199 110  12  24 126 212 219 214  34 140   3  23 250  11 232 139]
 [138 227 242  85 141 177  69 213  92 184   0 101  44 173  88 163]
 [122 118 134  73 170  86 197 178 130 147 151 233  66 135 104  37]
 [ 61  52 248  26 254 133  87  60 174 168  58 106   1  13 128  53]
 [182 102  98 111 107 127  80 119 181 169  79 143 132 150 158 216]
 [ 54 234  93  90  65   6 108  55 159  89 201  14 247 194  63 239]
 [ 96 146 221 114 252  27  10 190  48 237  57  45 225 123  21 120]
 [235 238   2  41 226 217 224 156 183 176  51  94 180  78 251 236]
 [ 59  15 192  16 244  43  42  68 198  30   9  74 249  36 218  32]
 [ 46 243 191  56  62 241  39  49  70 246   8 215  19  35  47  71]]

========================================
S-box #77
Average Nonlinearity = 109.75
[[ 24 235  18 152 150 162 172  58 108  85  93 244 210 208 149 199]
 [107  80 156 247  48 194 202 119  66 207  74 193  54 176  83 146]
 [123  41 196  98 135 110  96 114  89 161  91 185 141 205 134 201]
 [117  87 212 171  92 184 214 192 228 222 154 140 179 220  34 237]
 [186  82 250 139 213   3  86 198  16 129  10 204 216 251  81  69]
 [203 125  42  44 120 190 195  90 188 209 116  19 168  84 253  62]
 [155 121  53 169 145  43 122  47 144 240 147  67 132 124  39 100]
 [142 109 115 157  13 126  29 231  20 180 163 233  32  46 143 218]
 [187 245  11  94 178 151 164 130  77 160 118 111 211 112 249 159]
 [239  75  95 136 102  88 133 246 182 103 200   7  61 128 241 158]
 [ 28 101 137 221 230  68 166  57  40  79 127 153  27 105 197 229]
 [138 223 181 219  12  63 226 238  14  99 255 148 225   8  70   6]
 [ 33  52 170  65 113 174  36 217   4  55  97 232 177  50 104  60]
 [175  78 165 252  35  31 224 183 131   2  21  22  76 234  25 248]
 [106   9  64  17 191  37  49 254  56 167 173  72  38  23  51  59]
 [ 71  73  15  45 206 242   0  26   1 236 189 227   5 243 215  30]]

========================================
S-box #78
Average Nonlinearity = 109.75
[[132 141 243 182  79 233 142 101  12 122 131 158 128 137 157 130]
 [ 46  62 200 113  98 163 109 117 211 212  60  93 196 224 219 166]
 [ 66 116 252 143 227 199 110  95 175 135 202 197  82 206  88  24]
 [ 89 119  65 205 133 246  74 176 226 187  84   1 123 129 238 126]
 [ 25 244 125 172 104 102 147 174  86 107  27   4  45 179 242 136]
 [134 223 167  99  83 191 201 192  92 183  42 121  55 180 220 144]
 [ 14  85 235  97 168  11 169 173  87 188  78 210  40  51 145 149]
 [162  16  94 193 231  54  91  57 146 138 217 114 184 253 214 105]
 [222  33 194 177 204  15  90 112   0 160  67 209 151 159 178 164]
 [100 248 203 216  38 189   9 198 254  50  29  23 230 218 103  30]
 [ 32  48  35 186 115 106 247  71  58 152 234  59 232 207 213 154]
 [ 76  19 127 228 208  77 237 221 245  10 171  44 185 120  61 236]
 [  7  49  34 255  41 155 250 140 195 108 161 239 170  69  22 215]
 [124  36 249  37 139  13  96 241  70  17 165 111  31 190  39  68]
 [  5 150  81 148 153  75  43 181   6  56 251   8  80  28   3  21]
 [ 63  72  53 156  18  26 118  47   2  73  52 229 240  20 225  64]]

========================================
S-box #79
Average Nonlinearity = 110.0
[[195  99 161 115  84 202 120 124 196 101 153 145 180  81 207 141]
 [200   3   2 165   1 133 245 250 126 149 138 105 235  96 186  91]
 [187 122 182  59 139 214 183 140 205  94 241 159 121  14 253  95]
 [ 83  65 193  93  49 142 100 154 143 194 228  62 232  82 206 208]
 [150 117  45 243 163 217 114 181 188  85 201 118  70 164 108 167]
 [247 125  33  57 171 172 132 246 211 177 204 128 169  17 225  97]
 [116 249 158  28  56 185  25 168 152  89 156 104 131 106  54 184]
 [173 209 199 112 238 130 113  16  87 148  88 162 102  63 134  15]
 [146 179 224 220  79 212  46 192  90  80 219 137 191 213 135  41]
 [157   0 123  38 197  29  31 254  92 175 190  36 151 176  58 240]
 [ 74 178 222  60  64  10   9 244  77  12  78  21 119 242  34   4]
 [252   5 226 229 166  75 109 234 233  76   6 189  86  47 111  35]
 [ 69 210 160  55 230   8  72  71  48  22 110 107  18 198  43 255]
 [ 44  73 103 147  39 127 174 251  20 215  42 218 170  66 155 144]
 [ 19 203  23 248 227  37 239 223  98  61 136  24 231  53  68  32]
 [ 30 236  13  27  67  11 221 237  51   7  26  52 129 216  40  50]]

========================================
S-box #80
Average Nonlinearity = 109.75
[[239 150 157 128  78 134 237 113  94 177  83 204 103  22 227  19]
 [206  85 201  80 200 114  89 191  97  92 148 244  62 137  24 179]
 [ 12 111 235  68  69 224 162  86 174  95 199   6  17 153  61  81]
 [207 142 198 105 238 130 248  50  66  73  37 118 182 212 183 141]
 [110 121  52 169 173 254 195  55 197 132 250 225   9  75  93 214]
 [140 210   8 168 164  41  88 167  23 154 131 143 190  87  42  29]
 [202 106 161 220 115  60 213  96 178 124 158 126 176  84  64   3]
 [ 33   5  57 119 117 230 159 122 123 163 109 211 188   2  72  99]
 [ 27  44  70 166 102 252  16 192 205 249 138  26 253  43   4   0]
 [217 185 149 112 247 104 219  20 136 228 240 194 170 127 242 165]
 [196 156 215 221  98  76 155 184  14 231  11  46  90 101 152 151]
 [ 74  91  54 160 120 100  47 116 144 129  13  28  48 223 189  71]
 [ 36 145  35 133 226 181   1 180 172  40 246 171  38  25 245  39]
 [ 34 186  21  63 125 255 146 233 187 193 139  67 209  31 243 147]
 [229 234 251 208 203 108   7  77 135 236 175  49  15  51  79 218]
 [107 216  65  32 232  58  56  45  18  10  59 241  30  53 222  82]]

========================================
S-box #81
Average Nonlinearity = 110.25
[[165  82 111 156 233 213 230  85 201 136  69 211 125 116 195 207]
 [141 109  93 137 110 154 186 120  61 197  72 152 228  34  64 144]
 [166   4  20 189 119  63 240  94  23  22 205 196 217 157  73   2]
 [118 151  91  80 192 184 206  83   7  56  87 172   5 238 131 253]
 [ 46 142 103 198 107 161  33  57 117  36 234  88  47  97 130 236]
 [239 218 168 212 179  96 169 188 177 132 249 251  16 155 231 224]
 [222 128  66  15  44 139 173 170  77 182 101 191  90  86 200  70]
 [102  84 178  35  95 255 243 105 176 203 126  27 216  65 223 135]
 [226  54 254  51  92 104 122  43 160 229 138 237 187  12 153 112]
 [ 81 146 190 194 171 113 115   1  75 204 241 248 134  19   0 163]
 [ 55  50 247 227  26 145 167 209 124  79 159 158 100  31  38 183]
 [121 181 143 193 242 220 185  68 210 148 133  48  17 149 164 219]
 [ 49  78  10 127 208 150 225 140 245 114 174 108  98  59  25  40]
 [ 29   6 244 106  76 221 232  28 175  13  99 252  39  53 199  21]
 [ 74   9  58 123  42  14 214  11   3  89 180  30  67  45  18 250]
 [202 246 129 147  32  62 162 235 215   8  60  52  37  41  24  71]]

========================================
S-box #82
Average Nonlinearity = 109.75
[[104 224 211 161 206  86 223 109 168 137 207 181 118  70 163 110]
 [160 107 115  79 214 131  59  82 100 217 136  55  39  30 158 157]
 [ 18 175  85 134 119  65 167 138 154 112 202 141 103   1 184 182]
 [198  21 234 155 117 232 194  95 173  87 196 128 179  58  50  13]
 [ 78 210 159 124 250  44 129  12 201  74 212 171  92  81 199 245]
 [114   9  25 149 205  89 162  90  43 126 192 241 191 209 113 195]
 [ 97 166 101 164 169  96 172 190 116  48 165 105 133  75 170  93]
 [ 94  64   2 233 219 111  67 208 132 247 230  46  54 123 218 139]
 [252  33  83  56 204   7   4  16  26   0  42 243 186  20 145 153]
 [142 143 193 238 102 148 244 127  45  73  32 220 151 156  88 122]
 [ 36  17  38  40 183  66  37   8  76 216 254 225 135 174 108 178]
 [ 35  52 185  98 222 106 249 231 248 240 140 144  49 176  84  80]
 [125  31  28 253  47 147 180   5 130  10 120 152 121 197 146 188]
 [189 150 239  91 187 228  34  72 229  27  77 215 203 237  29 221]
 [ 11  24 255  68  53  19  51 226 177 242  23 213  14  69  71 200]
 [251  57  22  63  62   3   6 227 236  15  60 246 235  61  99  41]]

========================================
S-box #83
Average Nonlinearity = 109.75
[[127  17  45  22 245  99  81 137 142 173 102 150 161 198   1 212]
 [196 199 118  94  64   0 206 136 186  76 116 238 157  58 204 214]
 [ 88 180  71 132 242  93 110 141  77 250 107 154  27 194 162   5]
 [185  92  35 219  55  68  47 112 145 182 143 233  80  40  20 220]
 [144 229  41  28 181 226 101   4 138 218 210 193  62  66  26 187]
 [113  95  69 170 109   9  31 236  82 190  11  91  24 105 171  39]
 [224   2 166 119  23 255  30 228 104   7 125  21  42 151 209 155]
 [160  87 117 207 114 121 225 249 152  63  49 124 234  86  29 237]
 [254  13  96  32  48  12 241 243 147  85 201  54 215  98 168  83]
 [ 97 134 202 222 126  84 165 133 200 159 246  79 253  52 149 131]
 [178 175   3 148  46 115 122 106  37 167  78 230 195 240  89  43]
 [156 163  53 135 235 232  65 184 140 208 146 176 217 129  10 139]
 [ 15  67 239 197 123 174 211  51  72  44  34 227 223 244 189  73]
 [158 213 179  75 103   8 216 205  25  18 120   6 177  61 188 231]
 [ 57 191 183 252 130 100  90 248 108 164  70 192 128  19 251  16]
 [111  50  14 153  38  36 221  74  59 169  33  60 172 203  56 247]]

========================================
S-box #84
Average Nonlinearity = 109.75
[[192 244 187 242   7 126  62  20 185  88 205 133 243 184  82 206]
 [138 219 212 170  93 181  81 207 169 162 122 117  75 168  96 166]
 [119  85 201 118  71 211 171 101 150 158  25 222 218 143 194  95]
 [175 116 132 252  35  72 180 141 202 123  46 140  39  58 191  90]
 [189  86 198 106 131   0 227 115 183  45  60   9  80 209 152 157]
 [130 172 247  21 163 111 107 127  22 213 225 125 134  34 254 151]
 [156 135 231 129 196  28  57 114   8 137 113 100  12  67 208 148]
 [154 128 246 182 149 142 197 104 120  29 200 195 210  16 108  47]
 [ 49  97  59  89 193 161 217  65 234  87 190 240  69 164 160 167]
 [ 64  17 102 155   1 199 110 176  15 174 112 173 147 153 146 179]
 [ 11  92 139  61 103 145 177 248  94 186  84 203 124  76 105  83]
 [ 50 165  63   6  42  13 121  56 188  99  70 249  91  19 241 136]
 [215  66 221 233  26 251  33  53  31  38  23 229  44 253  37 204]
 [228 144 235  24 236 109 223  14  36  77 237  48 238 230 214 224]
 [178   5  27 159  74 220 226  78  10 255 232  55  18 216  73  30]
 [  3   4  52 245  41 239   2  40  68  43  51  98 250  54  79  32]]

========================================
S-box #85
Average Nonlinearity = 109.75
[[173  87 138 103 144 236 176 205 132 252  35  71 212 169  96 171]
 [ 11 189 143 231 110 151 140 156 249  27 238 255 126  28  17 170]
 [ 93 180  82 107 100 208 149 161  43 202 203 123 121 243 175  85]
 [246  39 145  42 240 152 163 193 104 197  57 195  99 117  77 211]
 [106 129  12  75  50 234 215 141 178 133 244 187  84 120 216 157]
 [241   0 118  61 198  22 168 162 155  23   6 227 254  83 124  70]
 [ 64  62 116 201  30 196  94   3  90 199 250   7  58  10 111 179]
 [164 130   4  21 209 183 131 136  54 115 219  80 112 188  95 174]
 [137 222 186   8 242  59  31 206 125  34  81 146 139  48 158 167]
 [114 251 235 172  73  74 207 142 102 253 194  79 148  66  88  89]
 [192 226 248  49 225  65  69 113  13 223 247 220 190  52  68 154]
 [ 60 101 184  91 233 122 160 119  36 210  19  32  26 153 230 109]
 [ 55   5  78  63  53 182  72 166  86 127 128 134  67 204  24  97]
 [ 98  37 181 232 229  20  25 135 191  38 218 159  45 221 150   9]
 [214 177  33 185  18  51 239 213 105 228 165  16   2 108 147  56]
 [245  41  44  46  14 217   1  29 224  47  40 200 237  92  76  15]]

========================================
S-box #86
Average Nonlinearity = 110.0
[[184 218  71 152  25 161 117  78   8 116 131 206 137 224   1 241]
 [ 64  73 250  92 253 138 141 222 239 189   5  61 139  57  87  62]
 [115  86 200 112  27 183 148 168 102 165 105  45 178 234  42  97]
 [ 66 106 207 254 186  63 236 128  68 147  24 170 167 196 150 136]
 [185 229 154 199 153 101 216 197  94 173 220 242 179  14 191 118]
 [  4  32 133  89 142 212 188 126 146  98 119 144 110  83  26 100]
 [164 122 213 130  21 208 151   7  59 195 127 174  76 107 143 157]
 [ 95  44 155  81  74 171   9 156  85  48 149 251  17 108 120 193]
 [198  90 231 159 124  38  54 129  10 205  65 134 240 109  49 225]
 [135   2 248 187  84 203 176  52 162 223 247 123 104  36  80 209]
 [160  67 182  88 219  96 228  77 211 210 140   6  93 180 145 121]
 [ 53 172  91 201  79  20 132   0 246 169 230  46 215 166  70 252]
 [232 175 163 111 204  43 125  34  22 233 202  13 114 103 249  50]
 [237  56  82  47  58 221  19  11 227 217 158  16 214 194  41  39]
 [177  31  40 238 192  51 181  75  69 255  15  60  33  28   3  99]
 [ 30  37 190 243 235  18 245 226  72  35  55  12 244  29 113  23]]

========================================
S-box #87
Average Nonlinearity = 110.0
[[ 75 212  13 101  33  91 186 223 165  76 251 226  39  89  65  92]
 [183 224 207  52 201 119  68 166 153 146  55  82 206 140  59  35]
 [ 40  51 154 228 199 197  24  61 194 105 127 242 175  85  81  86]
 [250 122  64 189 169  94 178   2 233  74 179  23 159 216  28 121]
 [170 108 158 126  29  87 204 168  62   9  73 184 191 139 112 203]
 [ 22 230 229 190 133  20 138 136  34 244 107 102 177 130 149 109]
 [ 84 150 181 142   8 187 218 100   3  12  15  26 125  69  70 220]
 [104 157  56  93   4 185 123 135  78 147 210 241   6  44 145 208]
 [245 198  79 118  37 156 240 211 128 221  66  17 117  72 103   5]
 [ 48 238 176 249 192 254  83 225 180  38  71   1 164  10 116  57]
 [160 120 144  90  45  42  88 215  54 196 114  32   0 217 141 202]
 [106 195   7 235 205 227 200 137 213 115  36  25 214 152 232  21]
 [ 97 188  77 131  18 172 246 167 129 163  47  99 111 236 239 134]
 [ 49 155 219  14 193 161 182  50  98 231 143 171  27  41 247  80]
 [ 31  96 148 113 151 132 174 124 252 237 209  95 110 162  67 255]
 [ 19  63  53 222 253  46  60 234 248 173 243  43  16  30  11  58]]

========================================
S-box #88
Average Nonlinearity = 109.75
[[135 234  37 193 111 105 232 215 207 151 194  96  32  90 145 100]
 [ 19   8  77  76 227  57 113  97 167 102 107 125  30  36 169  95]
 [252 166  87 217 218 181 153 197 104 140 206 158 228 195 163 164]
 [106 173   2 254  60 200 177  83 204  86  43 123 192  92 185  82]
 [ 24 226   0  10 205 134 189 142  89 101 150 136 126 240 188 138]
 [216 103 141  81 112 172 157 249 187 109 190  39  14 147 171   6]
 [199 143  58 201 117 211 110   1  98  33  64 243  29  55  54 129]
 [  9  78 210 159 121  70 176  84   4 120  51  99 161  63  75 212]
 [131 179 233  17  40 108 122  50 229 119 198 203 251  23 223  21]
 [137 224 220 186  67 118  72 130  48 168 183 124 152 241 244 139]
 [ 91  35  46 182 246  68  69 239  22 162  88  45  79 230 165 146]
 [ 28 178  47 144  25 154 208 116  65 115 160 174  80  15 127 222]
 [ 49 149 250  66 148 213 128  18  42  94  26 255  85 180 225  34]
 [156  71 133 247  93 170  13 209 155 191 237  16 236 221  74  38]
 [ 31 253  41 175 248  61   5  73 214   3  56 238 114 231 132 235]
 [184 245 242  59  20  44  11 196  12 219   7  53  27  52 202  62]]

========================================
S-box #89
Average Nonlinearity = 110.0
[[176 242 155  93 171  81 207 135 228 105  57 209 104   0 220 183]
 [129   9 206 219 212 173 201  88 120 239 146 175  56 205 112 179]
 [255 157 211 236 109  50 136 164  76 126  26 127 131 147  34 133]
 [107 214 200 218 141 114  91  98 204  72 143  27 252  96   8 170]
 [ 32  25  84 240  87 244 137  85  95 116 198 215 197 246 128  10]
 [224 188 185 235  28 165  70  54 178  30 196 177 161 213 111  31]
 [ 40 140  47 208   6  24 249  22  77 169  99 119 234  17  33 145]
 [251  61  71  35 115 238 193  49 121  90 103 163 189 222 195 253]
 [227 181 187 166 139 160 162  63 122  38  21 191  75  36  65 231]
 [186  37  11 149 130 180  14 142 202  80  58  92 117  53 243 144]
 [233 168 159 100 199  68  83  29  89  79 217 232 148 190 248  43]
 [247 158  74  39 250  45  60 110  66  16 221  42   4 241 154  48]
 [237 192 254  64 138  46 230  19  23 153 225  69  55   3 216  15]
 [  5  52  44 210  82 151  59 174  86  67 101 182 106  51 108   7]
 [118 102 134  97 167 152 229 245 226 184  62 132  78 150 113 124]
 [ 20 194  94 223 156  73 172 125 203 123  41   2  18   1  12  13]]

========================================
S-box #90
Average Nonlinearity = 109.75
[[207 141 204  56 209 139  89 192  50  75  81 203 125  34  62 200]
 [131 103 143   1 163 176 250 126  28  16 121 151 154 202 152  55]
 [180 129  11 106 132 249 248 235 179  82  77 201 221  93  64 130]
 [  7  51  94 111 155 135  63 124  38  95 173  87 197 145 140  92]
 [133 246 218 210 158 127  22 219 214   5  29  27   8  72 212 170]
 [ 47 172  90 190  88 194  97 169 174 229 198 238  30  33  58 112]
 [ 98 165 244 232 122 138 146 150  83  23 227 228 115 223 245 128]
 [ 18 153 164  24 240 144 108 252 193  36  80 225 213  76 247 185]
 [ 44 255  19 188  85 114  84 142 196  91 149 110 178  35  99 161]
 [ 59 168  10 101 187  26  61  49  13 104 230  46 137 118  69 191]
 [  4 234 166  39  52 119  65 184 160 224 148 159 123  42 116  79]
 [211 215  48 105 217  68 120 254 136 109  67 208 147 171  54  45]
 [220 117 242 186 206 216 100 199 134 239 243  86 177 102  53  78]
 [189 222  60   6 236  37 167 183 226 175 157 181  66  96   2 182]
 [  9 205  41  17  15 156 107 195   3 253  43 251  14 231  40  12]
 [ 71 241  57 237  21 113   0  74 233  25  70  73  20  32  31 162]]

========================================
S-box #91
Average Nonlinearity = 109.75
[[ 92 118  31 175  85 200  87  90 188 201 116  83 204 130 212  30]
 [ 28  14  64 240  12  45 134 162  99 101 151 123 145 183  82 215]
 [207 141 117  78 210 161  77 211 164 108  65  44 129 232 195  91]
 [155 214 182  81 142 196 102 239  94 179 138 110 221 227  26 252]
 [ 27  72   5 168  95 193  71   0 169  24 174 237 160  55 121 146]
 [199 111 105 136 230  52  93 154  13  74 171 247 184 137  80   3]
 [115  86  58  62 198 163 124  37 114 159 192 153  43  46 213 127]
 [ 21 202 122  50 197 103 205  42  89 113  40 234 191 216 236 112]
 [180  79 109   1 249 189   7 233 250   2 223 166 178  53 149  97]
 [ 23 120 132 246  48 119  98 128  19 176  84 203 125 156 235 224]
 [222  47 206 238  39 165  59 251  51 148  35  75 181 131 139  73]
 [152 147 242 254  96  22 248  18 218  68  69 219  38 194  16 253]
 [170  54 167  17 220 209 187   8 126  20  25 104 177   9  76 226]
 [143 107 217   6 157 106   4  56  88  41  34  60 144  33  57 185]
 [173 135 150 158 186  32  66 133  70 245  15 243 140 208 100 225]
 [ 11  29  61  63 244  36  10  67 255 228 190 229 172  49 231 241]]

========================================
S-box #92
Average Nonlinearity = 110.0
[[ 79  85 201 118 254 210 158 126 185 245 208 216 188 225 203 213]
 [ 26 253  46 143 191  90 162 199 111 104 137 220 244   8  31 161]
 [ 75 176 209 128 141 202 120 196 192 117  76 212  19  99 160 186]
 [195  98 165 222 240 147  48 200 115 204  81 214  20  41 108  88]
 [211 181  59 207 142 101 105  91  25 205 135 236 133 243 184 228]
 [130 172 180 140 106  61  84 124  38 112 109  42 122 197  83  77]
 [ 18   2 136 230  51  35 110 123 156 134 163  62  82 190  50 100]
 [154  65  11 121   0  15 226  66 233  37  23  94 129 139 175  10]
 [103  80 206  86 189 171 246 193  13 125  30  78  55 178 229  39]
 [215 168  96 170  93 252  47   3 114 173 132 249 131  70 113 177]
 [119  92  53  44  22 144  16 219  27 183  89  60  73 167 157 151]
 [ 63 149 187   5  69 146  32  87  36 153 145  72  95 198  74 234]
 [182 239  45 238 194  14 221 231  58 116 227  57 169  33  97 138]
 [ 54  56 232 174  68  64  67 166  17 218 159 152  29 107  12 102]
 [  9   6 164 150 241 155  21  40  49 223 179 247 224 250  43 127]
 [  4 217   7 251 255 242  34  71  24 248 237   1 235  28 148  52]]

========================================
S-box #93
Average Nonlinearity = 109.75
[[158 127 181 199 111 108  23 221 198 106 128  64 226 179 112 142]
 [197 206  54 175  49 185  78 150 121 171 147 174 241 173 193  93]
 [101  82 172 140  24  79  22  61 119  73 222 200 104  66 237  90]
 [ 58 228   2  36 132   6 207 236 105 136 196  32  60 225 180 102]
 [ 48  11 189 190  99 110 209 240 176 191 166 219 215 177 254 164]
 [ 46 113 252 129 204  77  43   9  34 208 162 123  55 131 223 231]
 [186 255 232 210 251   4 169  95 137 149 248 243 141 160  65  44]
 [146 148  56 183 214 253 187 107  75  71 165  47 168  98   7 239]
 [ 10 227 195  51  39 122 188  74 138 125   8 135  97 161 230 194]
 [202 233 116 103 120 153 192 156  18  21  16  76  14 145 163  50]
 [201  37  52 238  20  15  86  19  53  38 205  62  88 157  91 130]
 [ 12 117 155 246 242 143 220 100 218 159 203 234 109 184   5  29]
 [178 235 182  68 216  69 213 134  59  92 212 170 247 114 229  33]
 [  0 118  26  96 167 217 244 211 249  35 224  17  25 124  89 115]
 [ 70 250  80 126   1  42  72  87 245  45 154  31  41  30 133  81]
 [ 84 151 139  40  27 144  28  85 152  83  57   3  13  67  94  63]]
========================================
S-box #94
Average Nonlinearity = 110.0
[[216 194  95 208  87 200 190  13 203 126  29 214 212 142  89 192]
 [ 92 157  82 206 140 119 143  34  79  67  24 221 187 251  23 226]
 [ 20  62  68 189  98  64   3   9  81 210 159 107  43 124  17 103]
 [215 164 201  30 230 196 155  59  35  53  83 167 133 199 138 113]
 [105 135  60 145 229 183  21 139 129 232  55 228 146 177  52 252]
 [ 27   2   0 174  18 241 117   7 243 191 101 111 134 198 220 136]
 [209 249 176 122  22  93 204 149  80 170 184 148 168  96  57 179]
 [151 186 141  84 152  47 125  31 242 112  70 131 247 227 197 104]
 [153 250 120 254 102 172 205 244  91   6 154  97 137   4 188  38]
 [109 163 118  16  10 185 180 100 175  74 160  49 207  54 121 223]
 [ 72 182  76 123 166  14 127 195  85 130 181 150 110  99  94  69]
 [ 77 202  73 165 231  11 169  66  32  45  19 108 245 218  61 238]
 [ 41 233 211 114 132 162 156  48 219 171 248   5  28 234  44  40]
 [ 39  36 128  25 237 147  46  86 222  90 217 144  12 115 116  51]
 [193  42 240 178  63   8 158 106 253  26 246 224 255 225 213 239]
 [173  88  56  15   1 161  78  65  37  75 236  50  58  71 235  33]]

========================================
S-box #95
Average Nonlinearity = 110.0
[[ 16  15  96 182  81 137 142 196 101 150  50 103  70 129 148 170]
 [116 179  82 206 123 226 224 208 246 151  93 197 168  85 200 114]
 [ 90 190  88 195  97 152 119 144 125 112 102  75 176  84 203 141]
 [ 31  39  40 169 221 174 202  47 241 255 209 201 118  73 212 253]
 [183  71 252 172 110  36  99 161  94  80  24 117  76  43 235 159]
 [207 166 124 233  21 106 128  13 120  59 138  91  51 158 121  33]
 [171 122  49 155 136 228  28 215 135 236 105   0   8  62 115 178]
 [164 107  53  52 111 104 245  45  38 184 139 213 193 163  83 204]
 [145   5 173  61 219 113  78 211  67 230 130  68  25  87 192 223]
 [220   1 237 149 218 167 156  86 126  27  44 127 244  14 205 133]
 [243 185   9  60 153 147  17 234   4   3  63 131  92 254 108 251]
 [188  95  30  37 109   2  46 132 160  58 242  41  89 165 175 140]
 [249 146 225 222  22 157  72 154  66 239 100 194 186  35  98  29]
 [214 191 217  69  32  19 177  77  57   6  54  74 181 229  18   7]
 [162 231 198  42  23 143  65  56  11  12 189 227  26 199 134 250]
 [238  20  48 232 248 210 180  10  79 187 240  34  55 247  64 216]]

========================================
S-box #96
Average Nonlinearity = 109.75
[[134 179 246 220   0 241 177  36 244   6  88 208  98 164 107 124]
 [234 105  25 160  41 102  97 115 195 253 111 117 110  89 191 192]
 [ 91 188  44  99  62  64  13 127  23  45  35  20 212 171  92 252]
 [ 27 206 138  84   7  29  40 202 207 141 122 100 144 187 225  57]
 [113 198 156 255 214  86  60  90 201 159  11  58  22 186 101  55]
 [ 28  79  47 125 121 228 139  94 154  83 170  68  19 133 221 205]
 [ 65 193 120  61 223 153  16 249 204  38  85 172  73  70   1 213]
 [ 81 217 161 147 227  71 128 196  17  74 157 132 126  78 231  10]
 [216 166 150 189 197  72 211 106 146 176  37 194 242 185  69 140]
 [209 230 243 184   4 178 145 239 218 247  93 181 151  39 162 114]
 [143 232 104  34 254   3 167   8  95 118 200 112 203 174 199 169]
 [ 96 108  82  46  66 135 245 158  33 236 215  67  52 103 109 116]
 [129 210 180  80 165  49 155 131 152 182 168  53  59  31  75 224]
 [148 235   9 240  87  30 149 136 251  43 190 119 233  14  54 175]
 [142 183   2  18  77 137 123 250 219  76 222  21 229  15 173  50]
 [ 63 226 130   5  12  56 237 248  42 163  48 238  26  32  24  51]]

========================================
S-box #97
Average Nonlinearity = 110.0
[[188  72 212 145 247 175 109 201 116  81 176 146 208  83   8 130]
 [141  48 237 144 131   2 249 254  51 183  82 207 193 206 170 231]
 [ 19 186 205 253  44 128  18 179 209  31 149 162 107  99 105 119]
 [160 227 241 218 210 159 122  56 164  67 127 139 194  97 152 166]
 [102 248 135  62 199 110 200 126  90   7 221  73 245  55 167 140]
 [203 195 136  54 198  32  20  64 178  49  30 125 114  34 151 154]
 [142  74 133 230  85  27 108  65  78 211  88 129  12 143 191 192]
 [238 250   9  39  11 213 138 219  53  57 196 177  79 224  37 163]
 [ 50  25  61  71 180 155 132 165   5 190  87  15 156 243 118  98]
 [106 101 255 216  89 174  46 220 240 233   4 234 120 173  76  92]
 [137 223 104  45  47  91  10   1 184  41  22 246 112 228  75 189]
 [169 158 251   0 150 197  33 185  26 153   3   6 202 124  13 161]
 [ 84  43 232 235  66 204  63  42 215 123 214 252 236 171 134 181]
 [187 229 226 121  38  96  95 148  28  14  58  59  70 172 225  35]
 [ 29  68 103 157  52  94 117  36 217  23 147 115  77 113  60  86]
 [ 21 111  80 242  16 100 222  40 168 182 239  24  93  69 244  17]]

========================================
S-box #98
Average Nonlinearity = 110.0
[[243 183  81 207 141 200 113  95 174  86 112  16 119 114 209 153]
 [144 186  83 151 132 249 163 234 182  90 190  88 129 239 254 109]
 [ 26  60 204  98   8 193 232 180 131 250  71 211 166 102 149 133]
 [106 130   7  61 198 248 205 146 201  18  78 210  35 223 168 195]
 [159  13 135 233  56  87 110 147 157  34 231  69 185 126 116 123]
 [ 44 255   1 175 188 118 169  73  82 100 187  29  49 137 224   9]
 [ 74 236 184 140  99 172  58 127  52 212  70 238 191  80  32 136]
 [226  17 194 214 208 197 164 222  66 241 235 105   3  10 192 143]
 [ 50 202  43 160 165  93   2 167 218 206 203 120  77  38  65  97]
 [ 40  64 128  91 173 196 101  33 104 245 177 220 142 221 170 115]
 [ 89  76 213  57  84 111  12 161  92 189 107  41 125  37 139  53]
 [155  51 145  42 225 124  36  24 230  96  14  59 108 251  63  94]
 [ 48  39   6  15 121  20 237  25  27 150 162 148 122  47  72  85]
 [171  55 179  22 176 138 219 240   4 217 154  23 134 117 178  28]
 [ 68 227  67 247 229  30  79 158   0 253 252 244 199  19 156  31]
 [ 54  11   5  45 103  46  21 216 242 215 152 181  62 228 246  75]]

========================================
S-box #99
Average Nonlinearity = 109.5
[[  0 232  21 204 128  14 136 161 102  61 199  51 120 198 105 134]
 [241 160 118  71 212 168  97 167  98 162 112 103 143 193  93 181]
 [ 81 207 142 233 131 126 224 251  22 218  88 184  82 206 138 220]
 [222 236 246 113  94 177  83 205 132 253  39 165 247  29  67 209]
 [ 35 157 129  11 163 109 117  76 166 101 153 147 173 145 194  95]
 [238  86 107 125  31  96 171  91 172  17 170 114 180 141 203 124]
 [ 40 123  42 121  55 182 196 154 144 188   4 200 100 195  99 119]
 [ 62 201 116  79 152 149  90 190   8  64   7  45 156 133 221 229]
 [ 41 178 244  87 155 137 250   9  77  89  34 146 225  65 217 255]
 [ 69 210 228 164 130   5  33  57  13 159 122  49   2 110 148 249]
 [ 16   1 237  73  92 183 140 208 197 104 231  58  25  74 139 215]
 [185 239  38 176  84 202  78 191 248 106  26 111 230  46  18 179]
 [213 135  59 127  28  15 214 223 187  37 235  85  24 174  70 254]
 [108 115 151 252 189  56 186 211 192 150  75  72 158  60  47 226]
 [ 53  30  36  80  43 227 216  50 234  44   6  52 219  10  20 175]
 [169 242  19 240  12 245  23  32  54   3 243  63  48  68  27  66]]

========================================
S-box #100
Average Nonlinearity = 110.0
[[182  81 204  43 164 103 198 126 123  42 244 245   8  18 114 178]
 [ 60 188  61  38 186  72 200 174 149 165 157 158 226  13  15 232]
 [110 118 143  40  74  58 183 141 201  68  41 131  37  48 219 133]
 [101 154 144  88 168 148 129  54 189   5  16  19 175 102 223 181]
 [187 137 225  32  51 104 140 205 153   7  50 160 115 194 203  63]
 [190   0 227  62 207 222 155  27  90 111  26  56 134  95 199 100]
 [ 66 253 251  22  10 173 119  99 215  67  94 161 224 108 180 250]
 [ 23  47 120   3 195 132 162 106  93  98 136 243  46  82 233 218]
 [212 124 105 139  45 107  73 128  80 146  87 196 112  64  29 113]
 [220 234 229 172  14   6 130 117 230 239  91  57 221  85 208  76]
 [  2 206 211 176 135  75 170  77 163  97   4 240 156  31 145  49]
 [184 138  89 192  78 235 166 122 216 125  84 152 202  92  52 252]
 [197  83  79 116 246 193 255  12  21  11 121 127 142 169 254  53]
 [ 70  17 237  28 185 231 151 147 214  71 159  44  20  96 210  34]
 [179 241 249 150 109  36 191 236 238 248  86 177  59 167  25  69]
 [247   1   9 171 242  30  65 213  39 217  55 209  33  24 228  35]]
